日期,预测确诊,预测在治,预测新增,预测死亡,预测治愈,实际确诊,实际在治,实际新增,实际死亡,实际治愈,国家,编号
3 / 12,,,,,,53633,45637,10222,1799,6197,Global (except China),1
3 / 13,,,,,,64400,55225,10767,2236,6939,Global (except China),2
3 / 14,,,,,,72876,61642,8476,2601,8633,Global (except China),3
3 / 15,,,,,,87217,74322,14341,3287,9608,Global (except China),4
3 / 16,98437,83582,0,3867,10987,98831,83908,11614,3885,11038,Global (except China),5
3 / 17,115425,98072,16988,4790,12563,114721,97799,15890,4671,12251,Global (except China),6
3 / 18,135378,115240,19952,5932,14205,132785,113820,18064,5587,13378,Global (except China),7
3 / 19,159146,135894,23768,6664,16588,161544,138302,28759,6661,16581,Global (except China),8
3 / 20,187496,160753,28350,7781,18960,188590,161194,27046,7972,19424,Global (except China),9
3 / 21,220531,189880,33034,9463,21187,222330,190957,33740,9686,21687,Global (except China),10
3 / 22,257185,222176,36653,10878,24130,255332,218735,33002,11372,25225,Global (except China),11
3 / 23,295776,255891,38591,12947,26937,294696,254061,39364,13191,27444,Global (except China),12
3 / 24,338039,288447,42262,16179,33412,338588,291162,43892,15473,31953,Global (except China),13
3 / 25,376114,320791,38075,18259,37063,383378,329378,44790,17823,36177,Global (except China),14
3 / 26,411907,350451,35792,18381,43073,447021,378106,63643,20613,48302,Global (except China),15
3 / 27,445271,377339,33363,20318,47612,,,,,,Global (except China),16
3 / 28,476286,401597,31014,22340,52348,,,,,,Global (except China),17
3 / 29,505058,423388,28772,24428,57241,,,,,,Global (except China),18
3 / 30,531799,442979,26740,26566,62253,,,,,,Global (except China),19
3 / 31,556727,460637,24928,28741,67349,,,,,,Global (except China),20
4 / 1,579996,476556,23268,30939,72500,,,,,,Global (except China),21
4 / 2,601749,490914,21752,33151,77683,,,,,,Global (except China),22
4 / 3,622102,503857,20353,35367,82876,,,,,,Global (except China),23
4 / 4,641145,515498,19043,37582,88065,,,,,,Global (except China),24
4 / 5,658944,525921,17799,39788,93235,,,,,,Global (except China),25
4 / 6,675549,535190,16604,41982,98376,,,,,,Global (except China),26
4 / 7,690998,543358,15449,44160,103479,,,,,,Global (except China),27
4 / 8,705333,550475,14334,46319,108538,,,,,,Global (except China),28
4 / 9,718597,556594,13264,48456,113547,,,,,,Global (except China),29
4 / 10,730845,561775,12247,50570,118500,,,,,,Global (except China),30
4 / 11,742139,566087,11293,52658,123393,,,,,,Global (except China),31
4 / 12,752546,569603,10406,54719,128223,,,,,,Global (except China),32
4 / 13,762139,572399,9593,56752,132987,,,,,,Global (except China),33
4 / 14,770991,574552,8852,58756,137682,,,,,,Global (except China),34
4 / 15,779174,576137,8183,60729,142307,,,,,,Global (except China),35
4 / 16,786756,577224,7581,62672,146859,,,,,,Global (except China),36
4 / 17,793798,577876,7042,64583,151338,,,,,,Global (except China),37
4 / 18,800359,578152,6560,66463,155742,,,,,,Global (except China),38
4 / 19,806488,578104,6129,68311,160072,,,,,,Global (except China),39
4 / 20,812232,577778,5743,70127,164327,,,,,,Global (except China),40
4 / 21,817630,577212,5397,71910,168507,,,,,,Global (except China),41
4 / 22,822716,576441,5085,73662,172612,,,,,,Global (except China),42
4 / 23,827521,575495,4804,75382,176642,,,,,,Global (except China),43
4 / 24,832071,574399,4550,77071,180600,,,,,,Global (except China),44
4 / 25,836388,573174,4317,78729,184484,,,,,,Global (except China),45
3 / 12,80704,12278,5,3230,65195,80713,13442,5,3176,64095,China,46
3 / 13,80709,11302,4,3220,66186,80729,12005,16,3189,65535,China,47
3 / 14,80714,10365,5,3210,67138,80733,10632,4,3199,66902,China,48
3 / 15,80719,9529,5,3223,67966,80737,9784,4,3213,67740,China,49
3 / 16,80724,8744,4,3229,68750,80738,8833,1,3226,68679,China,50
3 / 17,80728,8008,3,3232,69487,80739,7913,1,3237,69589,China,51
3 / 18,80731,7322,3,3234,70175,80739,7091,0,3245,70403,China,52
3 / 19,80734,6683,3,3234,70817,80739,6367,0,3248,71124,China,53
3 / 20,80737,6099,2,3241,71396,80739,5786,0,3255,71698,China,54
3 / 21,80740,5579,2,3247,71913,80740,5277,1,3261,72202,China,55
3 / 22,80743,5096,2,3258,72388,80740,4815,0,3270,72655,China,56
3 / 23,80744,4267,1,3281,73195,80744,4362,4,3277,73105,China,57
3 / 24,80745,3952,1,3277,73515,80744,3870,0,3281,73593,China,58
3 / 25,80746,3649,0,3279,73816,80744,3470,0,3287,73987,China,59
3 / 26,80746,3362,0,3273,74110,80745,2933,1,3292,74520,China,60
3 / 27,80746,3092,0,3285,74369,,,,,,China,61
3 / 28,80747,2839,0,3296,74611,,,,,,China,62
3 / 29,80747,2603,0,3306,74837,,,,,,China,63
3 / 30,80747,2383,0,3315,75048,,,,,,China,64
3 / 31,80747,2179,0,3323,75243,,,,,,China,65
4 / 1,80747,1989,0,3332,75425,,,,,,China,66
4 / 2,80747,1813,0,3339,75594,,,,,,China,67
4 / 3,80747,1649,0,3346,75751,,,,,,China,68
4 / 4,80747,1497,0,3352,75896,,,,,,China,69
4 / 5,80747,1356,0,3358,76031,,,,,,China,70
4 / 6,80747,1226,0,3364,76156,,,,,,China,71
4 / 7,80747,1105,0,3369,76272,,,,,,China,72
4 / 8,80747,992,0,3374,76380,,,,,,China,73
4 / 9,80747,888,0,3378,76480,,,,,,China,74
4 / 10,80747,791,0,3382,76573,,,,,,China,75
4 / 11,80747,701,0,3386,76659,,,,,,China,76
4 / 12,80747,618,0,3390,76738,,,,,,China,77
4 / 13,80747,541,0,3393,76812,,,,,,China,78
4 / 14,80747,469,0,3396,76881,,,,,,China,79
4 / 15,80747,403,0,3399,76944,,,,,,China,80
4 / 16,80747,341,0,3401,77003,,,,,,China,81
4 / 17,80747,284,0,3404,77058,,,,,,China,82
4 / 18,80747,231,0,3406,77109,,,,,,China,83
4 / 19,80747,182,0,3408,77156,,,,,,China,84
4 / 20,80747,136,0,3410,77200,,,,,,China,85
4 / 21,80747,94,0,3412,77240,,,,,,China,86
4 / 22,80747,55,0,3413,77278,,,,,,China,87
4 / 23,80747,18,0,3415,77313,,,,,,China,88
4 / 24,80747,0,0,3416,77331,,,,,,China,89
4 / 25,80747,0,0,3416,77331,,,,,,China,90
3 / 12,8250,7699,134,92,457,7979,7579,224,67,333,South Korea,91
3 / 13,8370,7533,119,103,733,8086,7504,107,72,510,South Korea,92
3 / 14,8477,7360,107,102,1014,8162,7376,76,72,714,South Korea,93
3 / 15,8573,7183,95,114,1275,8236,7327,74,75,834,South Korea,94
3 / 16,8658,7002,85,111,1545,8320,7101,84,82,1137,South Korea,95
3 / 17,8735,6818,76,107,1809,8413,6929,93,83,1401,South Korea,96
3 / 18,8803,6634,68,121,2048,8565,6934,152,91,1540,South Korea,97
3 / 19,8864,6449,61,110,2305,8652,6612,87,93,1947,South Korea,98
3 / 20,8919,6265,54,113,2540,8799,6466,147,100,2233,South Korea,99
3 / 21,8968,6082,48,108,2777,8897,6183,98,102,2612,South Korea,100
3 / 22,9012,5900,43,105,3006,8961,5684,64,111,3166,South Korea,101
3 / 23,9051,5721,39,110,3219,9037,5410,76,120,3507,South Korea,102
3 / 24,9137,5281,85,126,3730,9137,5281,100,126,3730,South Korea,103
3 / 25,9168,5116,31,124,3927,9241,4966,104,131,4144,South Korea,104
3 / 26,9196,4955,27,126,4114,9332,4665,91,139,4528,South Korea,105
3 / 27,9221,4796,24,131,4292,,,,,,South Korea,106
3 / 28,9243,4641,22,137,4464,,,,,,South Korea,107
3 / 29,9263,4490,19,142,4631,,,,,,South Korea,108
3 / 30,9281,4341,17,147,4792,,,,,,South Korea,109
3 / 31,9297,4197,15,151,4947,,,,,,South Korea,110
4 / 1,9311,4056,14,156,5098,,,,,,South Korea,111
4 / 2,9323,3919,12,160,5243,,,,,,South Korea,112
4 / 3,9335,3785,11,165,5384,,,,,,South Korea,113
4 / 4,9345,3656,10,169,5520,,,,,,South Korea,114
4 / 5,9354,3530,9,173,5651,,,,,,South Korea,115
4 / 6,9362,3407,8,177,5777,,,,,,South Korea,116
4 / 7,9369,3289,7,181,5899,,,,,,South Korea,117
4 / 8,9376,3174,6,184,6017,,,,,,South Korea,118
4 / 9,9382,3062,5,188,6131,,,,,,South Korea,119
4 / 10,9387,2954,5,191,6241,,,,,,South Korea,120
4 / 11,9392,2850,4,194,6346,,,,,,South Korea,121
4 / 12,9396,2749,4,197,6449,,,,,,South Korea,122
4 / 13,9399,2651,3,200,6547,,,,,,South Korea,123
4 / 14,9403,2556,3,203,6642,,,,,,South Korea,124
4 / 15,9406,2465,2,206,6734,,,,,,South Korea,125
4 / 16,9408,2376,2,209,6822,,,,,,South Korea,126
4 / 17,9411,2291,2,212,6907,,,,,,South Korea,127
4 / 18,9413,2209,2,214,6989,,,,,,South Korea,128
4 / 19,9415,2129,1,216,7068,,,,,,South Korea,129
4 / 20,9416,2052,1,219,7145,,,,,,South Korea,130
4 / 21,9418,1978,1,221,7218,,,,,,South Korea,131
4 / 22,9419,1906,1,223,7289,,,,,,South Korea,132
4 / 23,9420,1837,1,225,7357,,,,,,South Korea,133
4 / 24,9422,1770,1,227,7423,,,,,,South Korea,134
4 / 25,9423,1706,0,229,7486,,,,,,South Korea,135
3 / 12,70,35,0,1,34,70,35,11,1,34,Thailand,136
3 / 13,82,46,12,1,34,75,40,5,1,34,Thailand,137
3 / 14,98,62,15,0,34,82,46,7,1,35,Thailand,138
3 / 15,118,82,20,1,35,114,78,32,1,35,Thailand,139
3 / 16,145,108,26,0,36,147,109,33,1,37,Thailand,140
3 / 17,180,142,34,0,37,177,135,30,1,41,Thailand,141
3 / 18,224,184,44,0,38,212,169,35,1,42,Thailand,142
3 / 19,280,239,56,0,40,272,229,60,1,42,Thailand,143
3 / 20,351,306,70,1,43,322,278,50,1,43,Thailand,144
3 / 21,437,390,86,1,46,411,366,89,1,44,Thailand,145
3 / 22,543,492,105,1,49,599,554,188,1,44,Thailand,146
3 / 23,669,613,126,1,54,721,668,122,1,52,Thailand,147
3 / 24,816,755,147,4,57,827,771,106,4,52,Thailand,148
3 / 25,934,860,117,4,70,934,860,107,4,70,Thailand,149
3 / 26,1127,1045,193,3,78,1045,953,111,4,88,Thailand,150
3 / 27,1340,1247,212,4,88,,,,,,Thailand,151
3 / 28,1568,1464,228,4,99,,,,,,Thailand,152
3 / 29,1808,1690,239,5,113,,,,,,Thailand,153
3 / 30,2056,1921,247,5,128,,,,,,Thailand,154
3 / 31,2307,2155,251,6,145,,,,,,Thailand,155
4 / 1,2560,2387,252,7,164,,,,,,Thailand,156
4 / 2,2810,2615,249,8,185,,,,,,Thailand,157
4 / 3,3055,2836,245,9,208,,,,,,Thailand,158
4 / 4,3293,3049,238,10,233,,,,,,Thailand,159
4 / 5,3523,3251,230,11,260,,,,,,Thailand,160
4 / 6,3744,3443,221,13,288,,,,,,Thailand,161
4 / 7,3956,3623,211,14,318,,,,,,Thailand,162
4 / 8,4157,3792,201,15,349,,,,,,Thailand,163
4 / 9,4348,3948,190,17,382,,,,,,Thailand,164
4 / 10,4528,4094,180,18,415,,,,,,Thailand,165
4 / 11,4699,4227,170,20,450,,,,,,Thailand,166
4 / 12,4860,4350,160,22,487,,,,,,Thailand,167
4 / 13,5011,4463,151,23,524,,,,,,Thailand,168
4 / 14,5153,4565,141,25,562,,,,,,Thailand,169
4 / 15,5286,4657,133,27,601,,,,,,Thailand,170
4 / 16,5411,4741,124,29,640,,,,,,Thailand,171
4 / 17,5528,4816,116,30,681,,,,,,Thailand,172
4 / 18,5637,4882,109,32,721,,,,,,Thailand,173
4 / 19,5739,4941,102,34,763,,,,,,Thailand,174
4 / 20,5835,4993,95,36,805,,,,,,Thailand,175
4 / 21,5924,5038,89,38,847,,,,,,Thailand,176
4 / 22,6008,5077,83,40,890,,,,,,Thailand,177
4 / 23,6086,5110,77,42,933,,,,,,Thailand,178
4 / 24,6158,5137,72,44,976,,,,,,Thailand,179
4 / 25,6226,5160,67,46,1019,,,,,,Thailand,180
3 / 12,176,92,8,0,83,187,91,9,0,96,Singapore,181
3 / 13,186,99,10,0,87,200,103,13,0,97,Singapore,182
3 / 14,200,109,13,0,90,212,107,12,0,105,Singapore,183
3 / 15,217,123,17,0,94,226,121,14,0,105,Singapore,184
3 / 16,239,141,22,0,98,243,134,17,0,109,Singapore,185
3 / 17,267,163,27,0,103,266,152,23,0,114,Singapore,186
3 / 18,301,191,33,0,109,313,199,47,0,114,Singapore,187
3 / 19,339,222,38,0,116,345,221,32,0,124,Singapore,188
3 / 20,380,255,41,0,124,385,261,40,0,124,Singapore,189
3 / 21,424,290,43,2,131,432,306,47,2,124,Singapore,190
3 / 22,469,325,45,1,142,455,309,23,2,144,Singapore,191
3 / 23,515,359,45,2,153,509,355,54,2,152,Singapore,192
3 / 24,558,400,42,2,156,558,400,49,2,156,Singapore,193
3 / 25,602,430,44,2,169,631,469,73,2,160,Singapore,194
3 / 26,646,459,43,2,184,683,509,52,2,172,Singapore,195
3 / 27,689,486,43,2,200,,,,,,Singapore,196
3 / 28,732,512,42,2,216,,,,,,Singapore,197
3 / 29,773,536,41,2,234,,,,,,Singapore,198
3 / 30,815,559,41,2,252,,,,,,Singapore,199
3 / 31,855,581,40,3,271,,,,,,Singapore,200
4 / 1,895,601,39,3,291,,,,,,Singapore,201
4 / 2,935,620,39,3,311,,,,,,Singapore,202
4 / 3,973,637,38,3,332,,,,,,Singapore,203
4 / 4,1012,654,38,4,353,,,,,,Singapore,204
4 / 5,1049,669,37,4,375,,,,,,Singapore,205
4 / 6,1086,683,36,4,397,,,,,,Singapore,206
4 / 7,1122,697,36,4,420,,,,,,Singapore,207
4 / 8,1158,709,35,5,444,,,,,,Singapore,208
4 / 9,1194,720,35,5,467,,,,,,Singapore,209
4 / 10,1228,731,34,5,491,,,,,,Singapore,210
4 / 11,1263,740,34,6,516,,,,,,Singapore,211
4 / 12,1296,749,33,6,541,,,,,,Singapore,212
4 / 13,1329,757,33,6,566,,,,,,Singapore,213
4 / 14,1362,764,32,6,591,,,,,,Singapore,214
4 / 15,1394,770,32,7,616,,,,,,Singapore,215
4 / 16,1426,776,31,7,642,,,,,,Singapore,216
4 / 17,1457,781,31,7,668,,,,,,Singapore,217
4 / 18,1488,785,30,8,694,,,,,,Singapore,218
4 / 19,1518,789,30,8,720,,,,,,Singapore,219
4 / 20,1547,792,29,8,746,,,,,,Singapore,220
4 / 21,1577,795,29,8,772,,,,,,Singapore,221
4 / 22,1606,797,28,9,799,,,,,,Singapore,222
4 / 23,1634,799,28,9,825,,,,,,Singapore,223
4 / 24,1662,800,27,9,852,,,,,,Singapore,224
4 / 25,1689,800,27,10,878,,,,,,Singapore,225
3 / 12,647,515,33,18,113,657,538,18,17,102,Japan,226
3 / 13,683,539,35,24,118,725,602,68,21,102,Japan,227
3 / 14,720,565,37,21,133,786,629,61,22,135,Japan,228
3 / 15,759,592,39,23,143,818,650,32,24,144,Japan,229
3 / 16,800,621,41,27,152,835,650,17,28,157,Japan,230
3 / 17,844,651,43,30,162,880,694,45,29,157,Japan,231
3 / 18,889,683,45,31,174,921,719,41,31,171,Japan,232
3 / 19,938,717,48,32,188,956,732,35,33,191,Japan,233
3 / 20,989,753,51,32,203,1016,767,60,34,215,Japan,234
3 / 21,1043,791,53,36,215,1054,803,38,36,215,Japan,235
3 / 22,1100,831,56,39,229,1086,811,32,40,235,Japan,236
3 / 23,1160,874,60,43,242,1128,851,42,42,235,Japan,237
3 / 24,1224,919,63,39,264,1193,865,65,43,285,Japan,238
3 / 25,1307,952,82,45,310,1307,952,114,45,310,Japan,239
3 / 26,1378,1003,71,43,331,1387,981,80,47,359,Japan,240
3 / 27,1454,1058,76,45,350,,,,,,Japan,241
3 / 28,1535,1116,81,48,370,,,,,,Japan,242
3 / 29,1622,1179,86,51,391,,,,,,Japan,243
3 / 30,1713,1246,91,54,413,,,,,,Japan,244
3 / 31,1810,1316,96,57,437,,,,,,Japan,245
4 / 1,1913,1391,102,60,461,,,,,,Japan,246
4 / 2,2021,1470,108,63,487,,,,,,Japan,247
4 / 3,2136,1553,114,67,515,,,,,,Japan,248
4 / 4,2257,1641,120,71,544,,,,,,Japan,249
4 / 5,2384,1733,127,75,575,,,,,,Japan,250
4 / 6,2518,1830,134,79,608,,,,,,Japan,251
4 / 7,2659,1933,141,84,642,,,,,,Japan,252
4 / 8,2808,2040,148,88,678,,,,,,Japan,253
4 / 9,2964,2153,155,93,717,,,,,,Japan,254
4 / 10,3128,2271,163,99,757,,,,,,Japan,255
4 / 11,3299,2394,171,104,800,,,,,,Japan,256
4 / 12,3480,2524,180,110,845,,,,,,Japan,257
4 / 13,3668,2659,188,116,892,,,,,,Japan,258
4 / 14,3866,2800,197,123,942,,,,,,Japan,259
4 / 15,4072,2947,206,130,994,,,,,,Japan,260
4 / 16,4288,3100,215,137,1050,,,,,,Japan,261
4 / 17,4513,3260,225,145,1108,,,,,,Japan,262
4 / 18,4747,3425,234,153,1169,,,,,,Japan,263
4 / 19,4992,3597,244,161,1233,,,,,,Japan,264
4 / 20,5246,3775,254,170,1300,,,,,,Japan,265
4 / 21,5510,3959,264,179,1371,,,,,,Japan,266
4 / 22,5785,4150,274,189,1445,,,,,,Japan,267
4 / 23,6069,4346,284,199,1523,,,,,,Japan,268
4 / 24,6364,4549,294,210,1604,,,,,,Japan,269
4 / 25,6668,4757,304,221,1689,,,,,,Japan,270
3 / 12,9939,6394,1226,410,3134,10075,6370,1075,429,3276,Iran,271
3 / 13,11270,7138,1330,560,3571,11364,7574,1289,514,3276,Iran,272
3 / 14,12700,7915,1429,590,4194,12729,7779,1365,611,4339,Iran,273
3 / 15,14218,8712,1518,750,4756,13938,8624,1209,724,4590,Iran,274
3 / 16,15811,9514,1593,918,5378,14991,9142,1053,853,4996,Iran,275
3 / 17,16533,9756,722,1050,5727,16169,9792,1178,988,5389,Iran,276
3 / 18,17385,10113,851,1205,6066,17361,10516,1192,1135,5710,Iran,277
3 / 19,18369,10581,984,1376,6411,18407,11144,1046,1284,5979,Iran,278
3 / 20,19482,11152,1112,1459,6870,19644,11466,1237,1433,6745,Iran,279
3 / 21,20710,11808,1228,1507,7395,20610,11419,966,1556,7635,Iran,280
3 / 22,22034,12525,1324,1666,7842,21638,12022,1028,1685,7931,Iran,281
3 / 23,23430,13277,1395,1805,8346,23049,12861,1411,1812,8376,Iran,282
3 / 24,24866,14032,1436,1931,8902,24811,13964,1762,1934,8913,Iran,283
3 / 25,27017,15315,2150,2077,9625,27017,15315,2206,2077,9625,Iran,284
3 / 26,28449,15966,1432,2197,10285,29406,16715,2389,2234,10457,Iran,285
3 / 27,29841,16547,1391,2340,10953,,,,,,Iran,286
3 / 28,31173,17041,1332,2487,11644,,,,,,Iran,287
3 / 29,32431,17438,1257,2639,12353,,,,,,Iran,288
3 / 30,33605,17735,1174,2793,13076,,,,,,Iran,289
3 / 31,34690,17930,1085,2950,13809,,,,,,Iran,290
4 / 1,35684,18027,994,3108,14549,,,,,,Iran,291
4 / 2,36588,18031,904,3266,15290,,,,,,Iran,292
4 / 3,37406,17951,817,3424,16030,,,,,,Iran,293
4 / 4,38141,17794,734,3581,16765,,,,,,Iran,294
4 / 5,38798,17569,657,3736,17492,,,,,,Iran,295
4 / 6,39385,17286,586,3890,18208,,,,,,Iran,296
4 / 7,39906,16953,521,4040,18912,,,,,,Iran,297
4 / 8,40368,16578,461,4187,19601,,,,,,Iran,298
4 / 9,40776,16170,408,4331,20275,,,,,,Iran,299
4 / 10,41136,15734,360,4471,20930,,,,,,Iran,300
4 / 11,41453,15277,317,4607,21568,,,,,,Iran,301
4 / 12,41732,14806,278,4739,22186,,,,,,Iran,302
4 / 13,41977,14324,244,4867,22785,,,,,,Iran,303
4 / 14,42192,13836,214,4991,23364,,,,,,Iran,304
4 / 15,42380,13347,188,5110,23922,,,,,,Iran,305
4 / 16,42545,12858,164,5225,24461,,,,,,Iran,306
4 / 17,42689,12372,144,5336,24979,,,,,,Iran,307
4 / 18,42815,11893,125,5443,25478,,,,,,Iran,308
4 / 19,42925,11422,110,5545,25957,,,,,,Iran,309
4 / 20,43021,10960,96,5643,26417,,,,,,Iran,310
4 / 21,43105,10508,83,5738,26858,,,,,,Iran,311
4 / 22,43178,10068,73,5828,27281,,,,,,Iran,312
4 / 23,43242,9640,63,5914,27686,,,,,,Iran,313
4 / 24,43298,9226,55,5997,28074,,,,,,Iran,314
4 / 25,43346,8824,48,6076,28445,,,,,,Iran,315
3 / 12,2070,2012,389,33,24,1716,1645,435,41,30,USA,316
3 / 13,2552,2481,481,41,29,1992,1918,276,43,31,USA,317
3 / 14,3144,3058,592,47,39,2726,2635,734,50,41,USA,318
3 / 15,3873,3767,728,55,50,3499,3381,773,62,56,USA,319
3 / 16,4811,4681,937,68,61,4629,4489,1130,74,66,USA,320
3 / 17,6195,6036,1384,93,66,6420,6241,1791,105,74,USA,321
3 / 18,8401,8202,2205,122,76,7769,7577,1349,118,74,USA,322
3 / 19,11936,11681,3534,166,88,13680,13374,5911,200,106,USA,323
3 / 20,17340,17005,5404,205,129,16638,16258,2958,233,147,USA,324
3 / 21,24913,24461,7572,282,169,24148,23692,7510,285,171,USA,325
3 / 22,34355,33739,9442,431,184,33276,32681,9128,417,178,USA,326
3 / 23,44715,43880,10360,632,202,43901,43166,10625,557,178,USA,327
3 / 24,54801,53690,10086,744,366,53740,52686,9839,706,348,USA,328
3 / 25,66132,64824,11330,947,361,66132,64824,12392,947,361,USA,329
3 / 26,73549,71854,7417,1091,604,85486,83485,19354,1288,713,USA,330
3 / 27,79448,77330,5899,1363,754,,,,,,USA,331
3 / 28,83948,81381,4499,1652,914,,,,,,USA,332
3 / 29,87300,84263,3351,1954,1082,,,,,,USA,333
3 / 30,89766,86247,2466,2265,1253,,,,,,USA,334
3 / 31,91572,87561,1806,2581,1429,,,,,,USA,335
4 / 1,92895,88386,1322,2902,1606,,,,,,USA,336
4 / 2,93865,88855,970,3225,1785,,,,,,USA,337
4 / 3,94579,89065,714,3549,1964,,,,,,USA,338
4 / 4,95106,89089,527,3873,2144,,,,,,USA,339
4 / 5,95498,88976,391,4197,2323,,,,,,USA,340
4 / 6,95788,88764,290,4521,2502,,,,,,USA,341
4 / 7,96006,88480,217,4844,2681,,,,,,USA,342
4 / 8,96168,88143,162,5165,2859,,,,,,USA,343
4 / 9,96290,87767,121,5486,3036,,,,,,USA,344
4 / 10,96382,87363,91,5804,3213,,,,,,USA,345
4 / 11,96451,86940,69,6122,3389,,,,,,USA,346
4 / 12,96503,86501,52,6438,3563,,,,,,USA,347
4 / 13,96543,86053,39,6752,3737,,,,,,USA,348
4 / 14,96573,85597,29,7064,3910,,,,,,USA,349
4 / 15,96596,85137,22,7375,4082,,,,,,USA,350
4 / 16,96613,84674,17,7684,4254,,,,,,USA,351
4 / 17,96626,84210,13,7992,4424,,,,,,USA,352
4 / 18,96636,83745,10,8298,4593,,,,,,USA,353
4 / 19,96644,83280,7,8602,4761,,,,,,USA,354
4 / 20,96650,82816,5,8904,4929,,,,,,USA,355
4 / 21,96654,82353,4,9205,5095,,,,,,USA,356
4 / 22,96658,81892,3,9504,5261,,,,,,USA,357
4 / 23,96660,81433,2,9801,5425,,,,,,USA,358
4 / 24,96663,80976,2,10097,5589,,,,,,USA,359
4 / 25,96664,80520,1,10391,5752,,,,,,USA,360
3 / 12,16120,13820,3658,1027,1272,15115,12841,2653,1016,1258,Italy,361
3 / 13,18753,15935,2632,1318,1498,17660,14955,2545,1266,1439,Italy,362
3 / 14,21283,17879,2530,1439,1963,21157,17750,3497,1441,1966,Italy,363
3 / 15,24122,20062,2839,1772,2287,24938,20794,3781,1809,2335,Italy,364
3 / 16,27470,22671,3348,2110,2688,27980,23073,3042,2158,2749,Italy,365
3 / 17,31423,25786,3953,2591,3045,31506,26062,3526,2503,2941,Italy,366
3 / 18,36007,29415,4583,3316,3275,35713,29794,4207,2978,2941,Italy,367
3 / 19,41174,33492,5166,3334,4347,41035,33190,5322,3405,4440,Italy,368
3 / 20,46804,37886,5629,3925,4992,47021,37860,5986,4032,5129,Italy,369
3 / 21,52708,42399,5904,4564,5744,53578,42681,6557,4825,6072,Italy,370
3 / 22,58650,46795,5942,5193,6661,59138,46638,5560,5476,7024,Italy,371
3 / 23,64383,50834,5732,6095,7454,63927,50418,4789,6077,7432,Italy,372
3 / 24,69686,54313,5302,6922,8450,69176,54030,5249,6820,8326,Italy,373
3 / 25,74386,57521,4699,7503,9362,74386,57521,5210,7503,9362,Italy,374
3 / 26,78515,59618,4129,8356,10539,80589,62013,6203,8215,10361,Italy,375
3 / 27,82006,61016,3491,9282,11707,,,,,,Italy,376
3 / 28,84807,61689,2801,10223,12894,,,,,,Italy,377
3 / 29,86974,61716,2167,11170,14088,,,,,,Italy,378
3 / 30,88606,61216,1631,12112,15277,,,,,,Italy,379
3 / 31,89811,60313,1204,13044,16452,,,,,,Italy,380
4 / 1,90687,59120,876,13960,17607,,,,,,Italy,381
4 / 2,91319,57726,631,14856,18737,,,,,,Italy,382
4 / 3,91772,56204,452,15729,19838,,,,,,Italy,383
4 / 4,92095,54607,323,16578,20909,,,,,,Italy,384
4 / 5,92326,52973,230,17403,21949,,,,,,Italy,385
4 / 6,92491,51330,164,18202,22957,,,,,,Italy,386
4 / 7,92609,49697,118,18977,23934,,,,,,Italy,387
4 / 8,92694,48088,85,19726,24879,,,,,,Italy,388
4 / 9,92755,46510,61,20451,25793,,,,,,Italy,389
4 / 10,92800,44970,44,21152,26678,,,,,,Italy,390
4 / 11,92833,43470,32,21830,27532,,,,,,Italy,391
4 / 12,92858,42013,24,22485,28359,,,,,,Italy,392
4 / 13,92876,40600,18,23118,29157,,,,,,Italy,393
4 / 14,92890,39230,13,23730,29929,,,,,,Italy,394
4 / 15,92900,37904,10,24321,30674,,,,,,Italy,395
4 / 16,92908,36621,7,24892,31395,,,,,,Italy,396
4 / 17,92914,35379,6,25444,32090,,,,,,Italy,397
4 / 18,92919,34178,4,25977,32763,,,,,,Italy,398
4 / 19,92922,33018,3,26492,33412,,,,,,Italy,399
4 / 20,92925,31896,2,26989,34040,,,,,,Italy,400
4 / 21,92928,30811,2,27470,34646,,,,,,Italy,401
4 / 22,92930,29764,1,27934,35231,,,,,,Italy,402
4 / 23,92931,28751,1,28382,35797,,,,,,Italy,403
4 / 24,92932,27773,1,28815,36343,,,,,,Italy,404
4 / 25,92933,26828,0,29234,36871,,,,,,Italy,405
3 / 12,2876,2803,0,61,12,2876,2803,595,61,12,France,406
3 / 13,4184,3981,1308,176,26,3661,3570,785,79,12,France,407
3 / 14,5084,4717,899,324,42,4500,4397,839,91,12,France,408
3 / 15,5917,5360,832,447,109,5423,5265,923,127,31,France,409
3 / 16,6834,6063,917,637,133,6633,6454,1210,148,31,France,410
3 / 17,7913,6899,1079,228,785,7730,6953,1097,175,602,France,411
3 / 18,9204,7913,1291,393,897,9134,8268,1404,264,602,France,412
3 / 19,10742,9131,1537,358,1252,10995,9323,1861,372,1300,France,413
3 / 20,12551,10570,1808,437,1543,12612,10575,1617,450,1587,France,414
3 / 21,14641,12232,2090,629,1778,14459,12310,1847,562,1587,France,415
3 / 22,17009,14105,2367,680,2222,16044,13170,1585,674,2200,France,416
3 / 23,19625,16154,2616,1053,2417,20123,16954,4079,962,2207,France,417
3 / 24,22441,18322,2815,1034,3085,22622,18232,2499,1102,3288,France,418
3 / 25,25600,20360,3158,1332,3907,25600,20360,2978,1333,3907,France,419
3 / 26,28639,22592,3039,1543,4503,29551,22898,3951,1698,4955,France,420
3 / 27,31676,24739,3036,1770,5166,,,,,,France,421
3 / 28,34564,26659,2887,2017,5886,,,,,,France,422
3 / 29,37204,28266,2640,2281,6656,,,,,,France,423
3 / 30,39538,29513,2334,2558,7466,,,,,,France,424
3 / 31,41542,30390,2003,2846,8305,,,,,,France,425
4 / 1,43219,30914,1676,3140,9164,,,,,,France,426
4 / 2,44592,31120,1373,3438,10033,,,,,,France,427
4 / 3,45697,31055,1104,3736,10904,,,,,,France,428
4 / 4,46573,30769,875,4033,11770,,,,,,France,429
4 / 5,47260,30307,687,4326,12625,,,,,,France,430
4 / 6,47794,29713,534,4614,13466,,,,,,France,431
4 / 7,48208,29023,413,4896,14288,,,,,,France,432
4 / 8,48527,28265,319,5171,15090,,,,,,France,433
4 / 9,48774,27464,246,5438,15871,,,,,,France,434
4 / 10,48963,26637,189,5698,16628,,,,,,France,435
4 / 11,49110,25798,146,5949,17362,,,,,,France,436
4 / 12,49224,24958,113,6193,18072,,,,,,France,437
4 / 13,49313,24124,88,6428,18760,,,,,,France,438
4 / 14,49382,23302,69,6656,19423,,,,,,France,439
4 / 15,49437,22496,54,6875,20064,,,,,,France,440
4 / 16,49480,21709,43,7087,20683,,,,,,France,441
4 / 17,49515,20941,34,7292,21280,,,,,,France,442
4 / 18,49542,20196,27,7489,21856,,,,,,France,443
4 / 19,49565,19473,22,7680,22411,,,,,,France,444
4 / 20,49583,18772,18,7863,22947,,,,,,France,445
4 / 21,49597,18094,14,8040,23463,,,,,,France,446
4 / 22,49609,17438,12,8210,23960,,,,,,France,447
4 / 23,49619,16804,9,8375,24439,,,,,,France,448
4 / 24,49627,16192,8,8533,24901,,,,,,France,449
4 / 25,49634,15602,6,8685,25346,,,,,,France,450
3 / 12,3277,3097,663,34,144,2745,2714,837,6,25,Germany,451
3 / 13,4106,3881,829,33,191,3675,3621,930,8,46,Germany,452
3 / 14,5136,4855,1030,41,239,4585,4531,910,8,46,Germany,453
3 / 15,6407,6055,1271,72,279,5795,5737,1210,12,46,Germany,454
3 / 16,7961,7520,1554,92,348,7272,7210,1477,13,49,Germany,455
3 / 17,9841,9290,1879,145,405,9257,9166,1985,24,67,Germany,456
3 / 18,12084,11399,2243,189,495,12327,12226,3070,28,73,Germany,457
3 / 19,14719,13869,2634,230,619,13979,13824,1652,42,113,Germany,458
3 / 20,17756,16707,3037,290,758,17653,17494,3674,44,115,Germany,459
3 / 21,21182,19894,3425,309,977,20099,19833,2446,64,202,Germany,460
3 / 22,24952,23382,3770,409,1160,24873,24513,4774,94,266,Germany,461
3 / 23,28988,27089,4036,405,1493,29056,28480,4183,123,453,Germany,462
3 / 24,33183,30905,4194,105,2172,32986,29586,3930,157,3243,Germany,463
3 / 25,37323,33570,4139,206,3547,37323,33570,4337,206,3547,Germany,464
3 / 26,41451,37235,4128,189,4026,43938,37998,6615,267,5673,Germany,465
3 / 27,45317,40593,3866,212,4511,,,,,,Germany,466
3 / 28,48844,43570,3527,237,5037,,,,,,Germany,467
3 / 29,51975,46115,3130,263,5597,,,,,,Germany,468
3 / 30,54683,48206,2707,291,6185,,,,,,Germany,469
3 / 31,56967,49849,2284,319,6797,,,,,,Germany,470
4 / 1,58852,51075,1885,349,7427,,,,,,Germany,471
4 / 2,60378,51927,1525,379,8070,,,,,,Germany,472
4 / 3,61591,52459,1213,410,8721,,,,,,Germany,473
4 / 4,62542,52722,950,441,9377,,,,,,Germany,474
4 / 5,63277,52769,735,472,10035,,,,,,Germany,475
4 / 6,63841,52644,563,503,10693,,,,,,Germany,476
4 / 7,64268,52385,427,534,11348,,,,,,Germany,477
4 / 8,64590,52025,321,564,11999,,,,,,Germany,478
4 / 9,64831,51589,240,595,12646,,,,,,Germany,479
4 / 10,65010,51098,179,625,13286,,,,,,Germany,480
4 / 11,65143,50567,133,655,13920,,,,,,Germany,481
4 / 12,65242,50009,98,684,14547,,,,,,Germany,482
4 / 13,65314,49432,72,713,15168,,,,,,Germany,483
4 / 14,65368,48844,53,742,15781,,,,,,Germany,484
4 / 15,65408,48250,39,771,16386,,,,,,Germany,485
4 / 16,65437,47653,29,799,16984,,,,,,Germany,486
4 / 17,65458,47056,21,827,17575,,,,,,Germany,487
4 / 18,65474,46461,15,854,18158,,,,,,Germany,488
4 / 19,65486,45869,11,881,18734,,,,,,Germany,489
4 / 20,65494,45283,8,908,19302,,,,,,Germany,490
4 / 21,65501,44702,6,934,19864,,,,,,Germany,491
4 / 22,65505,44126,4,960,20418,,,,,,Germany,492
4 / 23,65509,43557,3,986,20964,,,,,,Germany,493
4 / 24,65511,42995,2,1012,21504,,,,,,Germany,494
4 / 25,65513,42439,1,1037,22037,,,,,,Germany,495
3 / 12,3372,3006,727,112,253,3004,2731,727,84,189,Spain,496
3 / 13,4299,3810,926,199,289,4209,3883,1205,133,193,Spain,497
3 / 14,5475,4830,1175,173,470,6043,5335,1834,191,517,Spain,498
3 / 15,6957,6115,1481,282,559,7753,6894,1710,288,571,Spain,499
3 / 16,8806,7715,1849,383,708,9407,8527,1654,309,571,Spain,500
3 / 17,11087,9682,2280,675,729,11297,10276,1890,491,530,Spain,501
3 / 18,13858,12061,2771,660,1136,13716,12090,2419,598,1028,Spain,502
3 / 19,17168,14884,3309,934,1348,17147,15273,3431,767,1107,Spain,503
3 / 20,21034,18154,3866,1141,1738,20410,17779,3263,1043,1588,Spain,504
3 / 21,25440,21838,4405,1639,1963,24926,22012,4516,1326,1588,Spain,505
3 / 22,30318,25853,4877,1820,2644,28768,24421,3842,1772,2575,Spain,506
3 / 23,35547,30070,5228,2233,3242,35136,29470,6368,2311,3355,Spain,507
3 / 24,40960,34318,5413,2825,3817,39885,33283,4749,2808,3794,Spain,508
3 / 25,49515,40501,8554,3647,5367,49515,40501,9630,3647,5367,Spain,509
3 / 26,54759,44210,5244,4045,6502,57786,46406,8271,4365,7015,Spain,510
3 / 27,59666,47457,4907,4682,7525,,,,,,Spain,511
3 / 28,64062,50086,4396,5360,8615,,,,,,Spain,512
3 / 29,67858,52031,3795,6070,9755,,,,,,Spain,513
3 / 30,71032,53297,3173,6802,10932,,,,,,Spain,514
3 / 31,73615,53938,2583,7547,12129,,,,,,Spain,515
4 / 1,75669,54037,2054,8297,13335,,,,,,Spain,516
4 / 2,77273,53690,1603,9045,14537,,,,,,Spain,517
4 / 3,78505,52990,1232,9786,15728,,,,,,Spain,518
4 / 4,79440,52024,935,10515,16900,,,,,,Spain,519
4 / 5,80143,50864,702,11230,18048,,,,,,Spain,520
4 / 6,80668,49571,524,11927,19169,,,,,,Spain,521
4 / 7,81057,48191,389,12606,20259,,,,,,Spain,522
4 / 8,81345,46761,288,13265,21319,,,,,,Spain,523
4 / 9,81558,45307,212,13904,22346,,,,,,Spain,524
4 / 10,81715,43851,157,14523,23340,,,,,,Spain,525
4 / 11,81831,42406,116,15122,24303,,,,,,Spain,526
4 / 12,81917,40983,86,15701,25233,,,,,,Spain,527
4 / 13,81981,39589,63,16260,26132,,,,,,Spain,528
4 / 14,82029,38228,47,16800,27000,,,,,,Spain,529
4 / 15,82065,36904,35,17322,27838,,,,,,Spain,530
4 / 16,82092,35619,26,17825,28647,,,,,,Spain,531
4 / 17,82112,34373,20,18311,29428,,,,,,Spain,532
4 / 18,82128,33166,15,18780,30181,,,,,,Spain,533
4 / 19,82140,31999,11,19232,30908,,,,,,Spain,534
4 / 20,82149,30870,9,19668,31609,,,,,,Spain,535
4 / 21,82156,29780,7,20089,32286,,,,,,Spain,536
4 / 22,82162,28727,5,20495,32938,,,,,,Spain,537
4 / 23,82166,27710,4,20887,33568,,,,,,Spain,538
4 / 24,82170,26728,3,21265,34175,,,,,,Spain,539
4 / 25,82173,25781,2,21629,34761,,,,,,Spain,540
3 / 12,773,756,110,16,0,614,609,111,5,0,Netherlands,541
3 / 13,906,885,132,21,0,804,794,190,10,0,Netherlands,542
3 / 14,1065,1038,158,26,0,959,947,155,12,0,Netherlands,543
3 / 15,1255,1222,189,29,2,1135,1113,176,20,2,Netherlands,544
3 / 16,1481,1441,226,36,3,1413,1387,278,24,2,Netherlands,545
3 / 17,1750,1701,268,46,2,1705,1660,292,43,2,Netherlands,546
3 / 18,2068,2010,318,56,2,2051,2006,346,43,2,Netherlands,547
3 / 19,2445,2374,376,68,1,2460,2382,409,76,2,Netherlands,548
3 / 20,2886,2802,441,83,1,2994,2886,534,106,2,Netherlands,549
3 / 21,3403,3302,516,99,1,3631,3493,637,136,2,Netherlands,550
3 / 22,4002,3881,599,119,1,4216,4034,585,180,2,Netherlands,551
3 / 23,4693,4549,690,142,1,4749,4534,533,213,2,Netherlands,552
3 / 24,5482,5312,789,169,1,5560,5282,811,276,2,Netherlands,553
3 / 25,6440,6077,957,357,6,6440,6077,880,357,6,Netherlands,554
3 / 26,7440,7041,1000,393,5,7469,7028,1029,435,6,Netherlands,555
3 / 27,8546,8106,1106,433,5,,,,,,Netherlands,556
3 / 28,9751,9264,1205,480,6,,,,,,Netherlands,557
3 / 29,11044,10503,1292,533,7,,,,,,Netherlands,558
3 / 30,12407,11805,1363,593,8,,,,,,Netherlands,559
3 / 31,13820,13150,1412,660,9,,,,,,Netherlands,560
4 / 1,15257,14512,1436,734,10,,,,,,Netherlands,561
4 / 2,16690,15862,1433,816,11,,,,,,Netherlands,562
4 / 3,18093,17175,1402,905,12,,,,,,Netherlands,563
4 / 4,19440,18425,1346,1000,13,,,,,,Netherlands,564
4 / 5,20709,19591,1269,1103,15,,,,,,Netherlands,565
4 / 6,21884,20656,1174,1211,16,,,,,,Netherlands,566
4 / 7,22953,21610,1069,1324,18,,,,,,Netherlands,567
4 / 8,23911,22448,958,1443,19,,,,,,Netherlands,568
4 / 9,24758,23170,846,1566,21,,,,,,Netherlands,569
4 / 10,25497,23782,739,1692,23,,,,,,Netherlands,570
4 / 11,26136,24289,638,1821,25,,,,,,Netherlands,571
4 / 12,26682,24702,546,1953,26,,,,,,Netherlands,572
4 / 13,27146,25030,463,2086,28,,,,,,Netherlands,573
4 / 14,27537,25284,390,2221,30,,,,,,Netherlands,574
4 / 15,27864,25473,327,2358,32,,,,,,Netherlands,575
4 / 16,28138,25608,273,2495,34,,,,,,Netherlands,576
4 / 17,28365,25696,227,2633,36,,,,,,Netherlands,577
4 / 18,28554,25744,188,2771,38,,,,,,Netherlands,578
4 / 19,28710,25760,156,2910,40,,,,,,Netherlands,579
4 / 20,28839,25748,128,3048,42,,,,,,Netherlands,580
4 / 21,28945,25715,106,3186,43,,,,,,Netherlands,581
4 / 22,29033,25662,87,3324,45,,,,,,Netherlands,582
4 / 23,29105,25595,72,3462,47,,,,,,Netherlands,583
4 / 24,29165,25515,59,3599,49,,,,,,Netherlands,584
4 / 25,29214,25426,49,3736,51,,,,,,Netherlands,585
3 / 12,663,657,79,2,2,599,597,99,1,1,Sweden,586
3 / 13,743,736,80,3,3,814,812,215,1,1,Sweden,587
3 / 14,828,819,84,6,3,961,958,147,2,1,Sweden,588
3 / 15,920,908,91,7,3,1023,1020,62,2,1,Sweden,589
3 / 16,1020,1006,100,9,4,1103,1100,80,2,1,Sweden,590
3 / 17,1131,1114,111,14,2,1190,1182,87,7,1,Sweden,591
3 / 18,1255,1235,123,17,2,1279,1270,89,8,1,Sweden,592
3 / 19,1393,1369,137,21,1,1423,1411,144,11,1,Sweden,593
3 / 20,1546,1519,153,24,2,1639,1627,216,11,1,Sweden,594
3 / 21,1717,1686,171,17,13,1770,1734,131,20,16,Sweden,595
3 / 22,1908,1872,190,20,15,1934,1897,164,21,16,Sweden,596
3 / 23,2120,2079,212,24,15,2046,2005,112,25,16,Sweden,597
3 / 24,2356,2309,235,32,14,2286,2234,240,36,16,Sweden,598
3 / 25,2526,2448,169,61,16,2526,2448,240,62,16,Sweden,599
3 / 26,2844,2759,318,70,14,2840,2747,314,77,16,Sweden,600
3 / 27,3191,3098,346,76,15,,,,,,Sweden,601
3 / 28,3569,3468,378,83,17,,,,,,Sweden,602
3 / 29,3983,3872,413,91,18,,,,,,Sweden,603
3 / 30,4433,4312,450,100,20,,,,,,Sweden,604
3 / 31,4923,4790,489,109,22,,,,,,Sweden,605
4 / 1,5453,5307,530,120,25,,,,,,Sweden,606
4 / 2,6024,5864,571,132,27,,,,,,Sweden,607
4 / 3,6637,6461,612,145,30,,,,,,Sweden,608
4 / 4,7290,7096,653,160,33,,,,,,Sweden,609
4 / 5,7982,7770,692,176,36,,,,,,Sweden,610
4 / 6,8712,8478,729,193,40,,,,,,Sweden,611
4 / 7,9476,9220,764,212,44,,,,,,Sweden,612
4 / 8,10272,9991,795,233,48,,,,,,Sweden,613
4 / 9,11095,10786,822,255,53,,,,,,Sweden,614
4 / 10,11939,11602,844,279,58,,,,,,Sweden,615
4 / 11,12800,12432,860,304,63,,,,,,Sweden,616
4 / 12,13670,13269,870,332,69,,,,,,Sweden,617
4 / 13,14543,14106,872,361,75,,,,,,Sweden,618
4 / 14,15410,14936,867,392,81,,,,,,Sweden,619
4 / 15,16266,15752,855,425,88,,,,,,Sweden,620
4 / 16,17102,16546,836,460,95,,,,,,Sweden,621
4 / 17,17913,17314,811,496,103,,,,,,Sweden,622
4 / 18,18694,18048,780,534,111,,,,,,Sweden,623
4 / 19,19438,18745,744,573,119,,,,,,Sweden,624
4 / 20,20142,19399,703,614,127,,,,,,Sweden,625
4 / 21,20802,20009,660,656,136,,,,,,Sweden,626
4 / 22,21418,20573,615,700,145,,,,,,Sweden,627
4 / 23,21988,21088,569,744,154,,,,,,Sweden,628
4 / 24,22511,21557,523,790,164,,,,,,Sweden,629
4 / 25,22989,21978,477,837,173,,,,,,Sweden,630
3 / 12,590,548,95,31,10,399,395,85,3,1,Belgium,631
3 / 13,701,646,110,41,13,556,552,157,3,1,Belgium,632
3 / 14,831,761,129,56,14,689,684,133,4,1,Belgium,633
3 / 15,984,896,153,70,17,886,881,197,4,1,Belgium,634
3 / 16,1165,1056,181,86,21,1085,1080,199,4,1,Belgium,635
3 / 17,1379,1245,213,121,12,1243,1232,158,10,1,Belgium,636
3 / 18,1631,1469,252,151,10,1486,1471,243,14,1,Belgium,637
3 / 19,1927,1731,296,61,135,1795,1750,309,14,31,Belgium,638
3 / 20,2274,2037,346,128,107,2257,2189,462,37,31,Belgium,639
3 / 21,2677,2394,403,194,89,2815,2717,558,67,31,Belgium,640
3 / 22,3144,2805,466,75,264,3401,3063,586,75,263,Belgium,641
3 / 23,3680,3275,535,72,331,3743,3254,342,88,401,Belgium,642
3 / 24,4289,3809,609,100,379,4269,3686,526,122,461,Belgium,643
3 / 25,4937,4212,647,178,547,4937,4212,668,178,547,Belgium,644
3 / 26,5705,4882,768,202,620,6235,5340,1298,220,675,Belgium,645
3 / 27,6545,5611,840,229,704,,,,,,Belgium,646
3 / 28,7455,6392,909,261,801,,,,,,Belgium,647
3 / 29,8427,7219,972,296,911,,,,,,Belgium,648
3 / 30,9452,8081,1024,337,1034,,,,,,Belgium,649
3 / 31,10515,8962,1063,381,1171,,,,,,Belgium,650
4 / 1,11601,9846,1085,431,1323,,,,,,Belgium,651
4 / 2,12692,10718,1091,485,1489,,,,,,Belgium,652
4 / 3,13771,11558,1078,543,1669,,,,,,Belgium,653
4 / 4,14822,12353,1050,606,1861,,,,,,Belgium,654
4 / 5,15828,13087,1006,673,2067,,,,,,Belgium,655
4 / 6,16780,13752,951,744,2283,,,,,,Belgium,656
4 / 7,17668,14340,888,818,2510,,,,,,Belgium,657
4 / 8,18487,14846,818,894,2745,,,,,,Belgium,658
4 / 9,19234,15271,746,974,2988,,,,,,Belgium,659
4 / 10,19909,15616,675,1055,3237,,,,,,Belgium,660
4 / 11,20514,15884,605,1138,3492,,,,,,Belgium,661
4 / 12,21053,16081,538,1222,3749,,,,,,Belgium,662
4 / 13,21529,16211,476,1307,4010,,,,,,Belgium,663
4 / 14,21948,16283,418,1392,4272,,,,,,Belgium,664
4 / 15,22315,16301,367,1478,4535,,,,,,Belgium,665
4 / 16,22635,16273,320,1563,4798,,,,,,Belgium,666
4 / 17,22914,16205,278,1649,5060,,,,,,Belgium,667
4 / 18,23156,16101,241,1734,5320,,,,,,Belgium,668
4 / 19,23365,15967,209,1818,5579,,,,,,Belgium,669
4 / 20,23546,15809,180,1901,5835,,,,,,Belgium,670
4 / 21,23702,15628,156,1984,6089,,,,,,Belgium,671
4 / 22,23837,15431,134,2066,6339,,,,,,Belgium,672
4 / 23,23953,15219,115,2146,6586,,,,,,Belgium,673
4 / 24,24052,14996,99,2226,6830,,,,,,Belgium,674
4 / 25,24138,14763,85,2304,7070,,,,,,Belgium,675
3 / 12,755,712,126,10,32,590,566,140,6,18,UK,676
3 / 13,911,858,156,18,34,798,770,208,10,18,UK,677
3 / 14,1105,1039,193,35,30,1140,1101,342,21,18,UK,678
3 / 15,1346,1265,241,52,27,1372,1319,232,35,18,UK,679
3 / 16,1645,1547,299,72,26,1543,1468,171,55,20,UK,680
3 / 17,2017,1896,371,62,58,1950,1841,407,56,53,UK,681
3 / 18,2475,2327,458,98,49,2626,2469,676,104,53,UK,682
3 / 19,3039,2858,564,132,48,3269,3072,643,144,53,UK,683
3 / 20,3729,3506,689,161,61,3983,3739,714,177,67,UK,684
3 / 21,4567,4294,837,198,75,5066,4822,1083,177,67,UK,685
3 / 22,5576,5241,1009,270,64,5741,5392,675,282,67,UK,686
3 / 23,6780,6369,1203,292,117,6650,6180,909,335,135,UK,687
3 / 24,8197,7696,1417,379,121,8077,7520,1427,422,135,UK,688
3 / 25,9640,9034,1442,466,140,9640,9034,1563,466,140,UK,689
3 / 26,11582,10847,1942,583,151,11812,11082,2172,580,150,UK,690
3 / 27,13729,12841,2147,705,182,,,,,,UK,691
3 / 28,16069,15000,2339,849,219,,,,,,UK,692
3 / 29,18566,17287,2496,1015,262,,,,,,UK,693
3 / 30,21166,19648,2599,1206,312,,,,,,UK,694
3 / 31,23802,22013,2636,1421,367,,,,,,UK,695
4 / 1,26401,24312,2599,1660,429,,,,,,UK,696
4 / 2,28893,26473,2491,1922,497,,,,,,UK,697
4 / 3,31214,28438,2321,2206,570,,,,,,UK,698
4 / 4,33320,30163,2106,2508,648,,,,,,UK,699
4 / 5,35183,31624,1862,2827,731,,,,,,UK,700
4 / 6,36792,32814,1608,3160,817,,,,,,UK,701
4 / 7,38152,33743,1360,3503,906,,,,,,UK,702
4 / 8,39281,34428,1128,3855,997,,,,,,UK,703
4 / 9,40202,34899,920,4213,1089,,,,,,UK,704
4 / 10,40942,35184,740,4575,1183,,,,,,UK,705
4 / 11,41530,35313,587,4938,1277,,,,,,UK,706
4 / 12,41991,35316,460,5303,1371,,,,,,UK,707
4 / 13,42349,35216,358,5667,1465,,,,,,UK,708
4 / 14,42625,35036,276,6029,1559,,,,,,UK,709
4 / 15,42837,34794,211,6390,1652,,,,,,UK,710
4 / 16,42998,34506,161,6747,1745,,,,,,UK,711
4 / 17,43120,34182,122,7102,1836,,,,,,UK,712
4 / 18,43213,33832,92,7452,1927,,,,,,UK,713
4 / 19,43282,33465,69,7800,2017,,,,,,UK,714
4 / 20,43334,33085,52,8143,2106,,,,,,UK,715
4 / 21,43373,32697,39,8482,2193,,,,,,UK,716
4 / 22,43402,32304,29,8818,2280,,,,,,UK,717
4 / 23,43424,31909,21,9149,2366,,,,,,UK,718
4 / 24,43440,31513,16,9476,2450,,,,,,UK,719
4 / 25,43453,31118,12,9799,2534,,,,,,UK,720
3 / 12,737,722,146,7,7,645,637,169,4,4,Switzerland,721
3 / 13,925,906,187,9,9,815,807,170,4,4,Switzerland,722
3 / 14,1168,1144,243,17,6,1375,1360,560,11,4,Switzerland,723
3 / 15,1483,1453,314,22,7,1563,1546,188,13,4,Switzerland,724
3 / 16,1887,1849,404,30,6,2221,2199,658,18,4,Switzerland,725
3 / 17,2401,2353,513,39,8,2353,2330,132,19,4,Switzerland,726
3 / 18,3042,2981,641,51,9,2772,2747,419,21,4,Switzerland,727
3 / 19,3826,3748,784,68,8,3438,3401,666,33,4,Switzerland,728
3 / 20,4761,4663,935,89,8,4176,4129,738,43,4,Switzerland,729
3 / 21,5845,5722,1084,114,8,6113,6053,1937,56,4,Switzerland,730
3 / 22,7062,6908,1216,65,88,7245,7016,1132,98,131,Switzerland,731
3 / 23,8380,8189,1318,91,99,8795,8544,1550,120,131,Switzerland,732
3 / 24,9759,9525,1379,112,121,9877,9624,1082,122,131,Switzerland,733
3 / 25,10897,10613,1137,152,131,10897,10613,1020,153,131,Switzerland,734
3 / 26,12246,11907,1349,201,137,11811,11489,914,191,131,Switzerland,735
3 / 27,13476,13076,1230,237,162,,,,,,Switzerland,736
3 / 28,14609,14143,1133,276,189,,,,,,Switzerland,737
3 / 29,15661,15123,1051,319,218,,,,,,Switzerland,738
3 / 30,16641,16027,980,364,249,,,,,,Switzerland,739
3 / 31,17556,16862,914,411,282,,,,,,Switzerland,740
4 / 1,18407,17629,851,461,316,,,,,,Switzerland,741
4 / 2,19198,18332,790,513,352,,,,,,Switzerland,742
4 / 3,19928,18971,730,567,389,,,,,,Switzerland,743
4 / 4,20599,19548,671,623,427,,,,,,Switzerland,744
4 / 5,21215,20067,615,680,466,,,,,,Switzerland,745
4 / 6,21776,20529,561,739,507,,,,,,Switzerland,746
4 / 7,22286,20938,510,799,548,,,,,,Switzerland,747
4 / 8,22750,21298,463,860,590,,,,,,Switzerland,748
4 / 9,23169,21613,419,922,632,,,,,,Switzerland,749
4 / 10,23549,21887,379,985,676,,,,,,Switzerland,750
4 / 11,23891,22122,342,1049,719,,,,,,Switzerland,751
4 / 12,24201,22323,309,1113,763,,,,,,Switzerland,752
4 / 13,24480,22493,279,1178,808,,,,,,Switzerland,753
4 / 14,24733,22635,252,1243,853,,,,,,Switzerland,754
4 / 15,24960,22752,227,1309,898,,,,,,Switzerland,755
4 / 16,25165,22846,205,1375,943,,,,,,Switzerland,756
4 / 17,25350,22919,185,1441,988,,,,,,Switzerland,757
4 / 18,25517,22974,166,1508,1034,,,,,,Switzerland,758
4 / 19,25668,23013,150,1574,1080,,,,,,Switzerland,759
4 / 20,25803,23036,135,1641,1125,,,,,,Switzerland,760
4 / 21,25926,23046,122,1708,1171,,,,,,Switzerland,761
4 / 22,26036,23044,110,1774,1217,,,,,,Switzerland,762
4 / 23,26136,23031,99,1841,1263,,,,,,Switzerland,763
4 / 24,26225,23008,89,1908,1308,,,,,,Switzerland,764
4 / 25,26306,22977,80,1974,1354,,,,,,Switzerland,765
3 / 12,195,191,27,4,0,99,98,0,1,0,Greece,766
3 / 13,223,217,27,6,0,190,189,91,1,0,Greece,767
3 / 14,252,244,28,2,6,228,217,38,3,8,Greece,768
3 / 15,282,272,30,3,6,331,319,103,4,8,Greece,769
3 / 16,315,302,32,4,8,352,340,21,4,8,Greece,770
3 / 17,352,336,36,5,9,387,374,35,5,8,Greece,771
3 / 18,392,373,40,7,11,418,405,31,5,8,Greece,772
3 / 19,436,415,44,5,16,464,445,46,5,14,Greece,773
3 / 20,487,461,50,6,19,495,470,31,6,19,Greece,774
3 / 21,543,513,56,8,20,530,503,35,8,19,Greece,775
3 / 22,606,572,63,15,19,624,590,94,15,19,Greece,776
3 / 23,678,638,71,14,24,695,649,71,17,29,Greece,777
3 / 24,750,705,72,18,26,743,694,48,20,29,Greece,778
3 / 25,829,771,79,22,36,821,763,78,22,36,Greece,779
3 / 26,908,843,79,27,37,892,830,71,26,36,Greece,780
3 / 27,990,917,81,30,41,,,,,,Greece,781
3 / 28,1066,986,76,33,46,,,,,,Greece,782
3 / 29,1134,1045,68,37,51,,,,,,Greece,783
3 / 30,1203,1105,69,41,56,,,,,,Greece,784
3 / 31,1274,1167,70,45,62,,,,,,Greece,785
4 / 1,1349,1231,74,49,68,,,,,,Greece,786
4 / 2,1429,1301,80,53,74,,,,,,Greece,787
4 / 3,1517,1377,87,58,81,,,,,,Greece,788
4 / 4,1613,1461,96,63,88,,,,,,Greece,789
4 / 5,1719,1554,106,68,95,,,,,,Greece,790
4 / 6,1836,1658,117,74,103,,,,,,Greece,791
4 / 7,1967,1775,130,80,111,,,,,,Greece,792
4 / 8,2113,1905,145,87,120,,,,,,Greece,793
4 / 9,2274,2050,161,94,130,,,,,,Greece,794
4 / 10,2454,2211,179,101,140,,,,,,Greece,795
4 / 11,2653,2391,199,109,152,,,,,,Greece,796
4 / 12,2873,2590,220,118,164,,,,,,Greece,797
4 / 13,3117,2811,243,128,177,,,,,,Greece,798
4 / 14,3385,3054,268,138,192,,,,,,Greece,799
4 / 15,3680,3322,294,150,207,,,,,,Greece,800
4 / 16,4003,3616,323,162,224,,,,,,Greece,801
4 / 17,4356,3937,352,175,243,,,,,,Greece,802
4 / 18,4739,4285,383,190,263,,,,,,Greece,803
4 / 19,5154,4663,415,206,285,,,,,,Greece,804
4 / 20,5602,5069,447,223,309,,,,,,Greece,805
4 / 21,6082,5505,480,242,335,,,,,,Greece,806
4 / 22,6594,5969,512,262,363,,,,,,Greece,807
4 / 23,7138,6460,543,284,393,,,,,,Greece,808
4 / 24,7711,6976,573,308,426,,,,,,Greece,809
4 / 25,8311,7515,600,333,462,,,,,,Greece,810
3 / 12,166,154,29,1,10,117,108,9,1,8,Canada,811
3 / 13,203,190,37,1,12,193,184,76,1,8,Canada,812
3 / 14,251,235,48,1,14,196,187,3,1,8,Canada,813
3 / 15,313,295,62,2,16,250,241,54,1,8,Canada,814
3 / 16,393,371,80,6,15,405,391,155,4,10,Canada,815
3 / 17,497,471,103,8,17,465,450,60,5,10,Canada,816
3 / 18,631,599,133,15,16,727,708,262,9,10,Canada,817
3 / 19,803,764,172,21,17,873,851,146,12,10,Canada,818
3 / 20,1023,975,220,26,21,1087,1065,214,12,10,Canada,819
3 / 21,1305,1245,281,37,22,1190,1163,103,17,10,Canada,820
3 / 22,1663,1588,357,50,24,1470,1439,280,21,10,Canada,821
3 / 23,2114,2020,450,59,33,2088,2049,618,25,14,Canada,822
3 / 24,2676,2559,562,22,95,2790,2654,702,26,110,Canada,823
3 / 25,3400,3182,723,35,183,3400,3182,610,35,183,Canada,824
3 / 26,4245,3990,845,43,211,4046,3824,646,38,184,Canada,825
3 / 27,5257,4955,1012,51,250,,,,,,Canada,826
3 / 28,6445,6085,1187,61,298,,,,,,Canada,827
3 / 29,7808,7377,1363,73,357,,,,,,Canada,828
3 / 30,9334,8818,1526,88,427,,,,,,Canada,829
3 / 31,10997,10380,1662,105,511,,,,,,Canada,830
4 / 1,12758,12024,1761,125,608,,,,,,Canada,831
4 / 2,14573,13703,1814,148,720,,,,,,Canada,832
4 / 3,16393,15371,1820,175,847,,,,,,Canada,833
4 / 4,18175,16983,1782,204,988,,,,,,Canada,834
4 / 5,19884,18505,1708,236,1143,,,,,,Canada,835
4 / 6,21494,19913,1610,270,1310,,,,,,Canada,836
4 / 7,22990,21193,1496,307,1489,,,,,,Canada,837
4 / 8,24367,22341,1376,346,1679,,,,,,Canada,838
4 / 9,25624,23358,1257,387,1878,,,,,,Canada,839
4 / 10,26766,24249,1141,430,2086,,,,,,Canada,840
4 / 11,27800,25024,1033,475,2300,,,,,,Canada,841
4 / 12,28734,25692,934,520,2521,,,,,,Canada,842
4 / 13,29577,26261,842,567,2748,,,,,,Canada,843
4 / 14,30337,26743,759,615,2979,,,,,,Canada,844
4 / 15,31021,27144,684,663,3213,,,,,,Canada,845
4 / 16,31638,27474,616,712,3451,,,,,,Canada,846
4 / 17,32194,27739,555,762,3692,,,,,,Canada,847
4 / 18,32694,27946,500,812,3934,,,,,,Canada,848
4 / 19,33145,28102,450,863,4179,,,,,,Canada,849
4 / 20,33550,28212,405,913,4424,,,,,,Canada,850
4 / 21,33916,28281,365,964,4670,,,,,,Canada,851
4 / 22,34245,28312,329,1015,4917,,,,,,Canada,852
4 / 23,34541,28311,296,1066,5163,,,,,,Canada,853
4 / 24,34808,28280,266,1117,5410,,,,,,Canada,854
4 / 25,35048,28224,240,1168,5656,,,,,,Canada,855
3 / 12,263,229,49,0,33,149,123,0,0,26,Malaysia,856
3 / 13,320,282,57,0,38,197,171,48,0,26,Malaysia,857
3 / 14,386,342,65,0,43,238,203,41,0,35,Malaysia,858
3 / 15,461,411,75,0,49,428,393,190,0,35,Malaysia,859
3 / 16,547,489,85,0,57,553,518,125,0,35,Malaysia,860
3 / 17,644,577,97,2,64,673,622,120,2,49,Malaysia,861
3 / 18,754,676,109,2,75,790,728,117,2,60,Malaysia,862
3 / 19,877,787,122,2,87,900,823,110,2,75,Malaysia,863
3 / 20,1014,909,136,2,102,1030,941,130,2,87,Malaysia,864
3 / 21,1165,1043,150,7,113,1183,1061,153,8,114,Malaysia,865
3 / 22,1317,1176,152,9,131,1306,1157,123,10,139,Malaysia,866
3 / 23,1484,1321,167,13,149,1518,1345,212,14,159,Malaysia,867
3 / 24,1667,1468,182,16,183,1624,1425,106,16,183,Malaysia,868
3 / 25,1865,1639,197,20,205,1796,1577,172,20,199,Malaysia,869
3 / 26,2070,1815,205,24,230,2031,1793,235,23,215,Malaysia,870
3 / 27,2276,1987,205,27,261,,,,,,Malaysia,871
3 / 28,2549,2223,273,31,294,,,,,,Malaysia,872
3 / 29,2803,2435,253,35,331,,,,,,Malaysia,873
3 / 30,3061,2649,258,39,371,,,,,,Malaysia,874
3 / 31,3321,2861,260,44,415,,,,,,Malaysia,875
4 / 1,3583,3070,261,49,462,,,,,,Malaysia,876
4 / 2,3842,3275,259,54,512,,,,,,Malaysia,877
4 / 3,4099,3472,256,60,566,,,,,,Malaysia,878
4 / 4,4350,3661,251,66,622,,,,,,Malaysia,879
4 / 5,4595,3840,245,72,682,,,,,,Malaysia,880
4 / 6,4833,4009,237,79,744,,,,,,Malaysia,881
4 / 7,5063,4167,229,86,809,,,,,,Malaysia,882
4 / 8,5283,4313,220,93,876,,,,,,Malaysia,883
4 / 9,5494,4447,210,101,945,,,,,,Malaysia,884
4 / 10,5695,4569,200,108,1017,,,,,,Malaysia,885
4 / 11,5886,4679,190,116,1090,,,,,,Malaysia,886
4 / 12,6067,4777,180,124,1165,,,,,,Malaysia,887
4 / 13,6238,4863,170,132,1241,,,,,,Malaysia,888
4 / 14,6399,4938,160,141,1319,,,,,,Malaysia,889
4 / 15,6550,5002,151,149,1398,,,,,,Malaysia,890
4 / 16,6692,5055,141,158,1478,,,,,,Malaysia,891
4 / 17,6824,5099,132,166,1558,,,,,,Malaysia,892
4 / 18,6949,5134,124,175,1639,,,,,,Malaysia,893
4 / 19,7064,5159,115,184,1721,,,,,,Malaysia,894
4 / 20,7173,5177,108,192,1803,,,,,,Malaysia,895
4 / 21,7273,5186,100,201,1885,,,,,,Malaysia,896
4 / 22,7367,5189,93,210,1967,,,,,,Malaysia,897
4 / 23,7454,5185,86,219,2049,,,,,,Malaysia,898
4 / 24,7534,5175,80,228,2131,,,,,,Malaysia,899
4 / 25,7609,5159,74,236,2213,,,,,,Malaysia,900
3 / 12,52,48,0,2,2,52,48,3,2,2,Philippines,901
3 / 13,75,70,23,3,1,64,57,12,5,2,Philippines,902
3 / 14,96,89,20,5,1,111,101,47,8,2,Philippines,903
3 / 15,116,106,20,7,1,140,127,29,11,2,Philippines,904
3 / 16,137,125,21,10,1,142,128,2,12,2,Philippines,905
3 / 17,161,147,24,11,3,187,169,45,14,4,Philippines,906
3 / 18,190,172,28,12,5,202,178,15,17,7,Philippines,907
3 / 19,224,202,34,15,7,217,192,15,17,8,Philippines,908
3 / 20,266,239,41,18,8,230,204,13,18,8,Philippines,909
3 / 21,316,283,50,19,13,307,275,77,19,13,Philippines,910
3 / 22,377,337,60,23,16,380,338,73,25,17,Philippines,911
3 / 23,451,403,73,30,16,462,411,82,33,18,Philippines,912
3 / 24,540,482,88,36,20,552,497,90,35,20,Philippines,913
3 / 25,636,572,95,38,26,636,572,84,38,26,Philippines,914
3 / 26,766,688,130,47,29,707,634,71,45,28,Philippines,915
3 / 27,922,828,155,58,36,,,,,,Philippines,916
3 / 28,1105,991,183,70,43,,,,,,Philippines,917
3 / 29,1318,1180,212,84,52,,,,,,Philippines,918
3 / 30,1561,1395,243,102,63,,,,,,Philippines,919
3 / 31,1836,1637,274,122,76,,,,,,Philippines,920
4 / 1,2141,1904,305,146,91,,,,,,Philippines,921
4 / 2,2474,2192,332,174,108,,,,,,Philippines,922
4 / 3,2831,2497,356,205,127,,,,,,Philippines,923
4 / 4,3203,2812,372,241,150,,,,,,Philippines,924
4 / 5,3585,3129,382,281,175,,,,,,Philippines,925
4 / 6,3968,3440,382,325,202,,,,,,Philippines,926
4 / 7,4343,3736,374,374,232,,,,,,Philippines,927
4 / 8,4702,4010,358,426,265,,,,,,Philippines,928
4 / 9,5038,4256,336,482,299,,,,,,Philippines,929
4 / 10,5347,4470,309,540,336,,,,,,Philippines,930
4 / 11,5626,4649,278,602,374,,,,,,Philippines,931
4 / 12,5873,4792,246,666,414,,,,,,Philippines,932
4 / 13,6088,4902,215,731,455,,,,,,Philippines,933
4 / 14,6274,4979,185,798,496,,,,,,Philippines,934
4 / 15,6431,5027,157,865,538,,,,,,Philippines,935
4 / 16,6564,5050,132,933,580,,,,,,Philippines,936
4 / 17,6675,5050,110,1001,623,,,,,,Philippines,937
4 / 18,6766,5031,91,1069,665,,,,,,Philippines,938
4 / 19,6842,4997,75,1137,707,,,,,,Philippines,939
4 / 20,6903,4950,61,1204,749,,,,,,Philippines,940
4 / 21,6953,4892,49,1270,790,,,,,,Philippines,941
4 / 22,6993,4826,40,1335,831,,,,,,Philippines,942
4 / 23,7026,4754,32,1400,871,,,,,,Philippines,943
4 / 24,7052,4677,26,1463,910,,,,,,Philippines,944
4 / 25,7073,4597,21,1526,949,,,,,,Philippines,945
3 / 12,170,143,26,3,23,128,104,0,3,21,Australia,946
3 / 13,203,175,32,3,24,200,174,72,3,23,Australia,947
3 / 14,244,215,41,3,25,250,224,50,3,23,Australia,948
3 / 15,296,265,51,3,27,297,271,47,3,23,Australia,949
3 / 16,361,328,65,3,29,377,351,80,3,23,Australia,950
3 / 17,443,408,82,6,28,449,416,72,6,27,Australia,951
3 / 18,548,509,104,4,33,596,547,147,6,43,Australia,952
3 / 19,680,637,131,5,37,636,587,40,6,43,Australia,953
3 / 20,845,798,165,6,41,877,824,241,7,46,Australia,954
3 / 21,1051,998,206,7,46,1051,998,174,7,46,Australia,955
3 / 22,1306,1245,254,4,56,1314,1219,263,7,88,Australia,956
3 / 23,1682,1556,375,7,119,1682,1556,368,7,119,Australia,957
3 / 24,2025,1887,343,8,129,2044,1917,362,8,119,Australia,958
3 / 25,2375,2223,349,9,142,2364,2237,320,8,119,Australia,959
3 / 26,2732,2563,356,11,156,2810,2625,446,13,172,Australia,960
3 / 27,3097,2909,365,13,174,,,,,,Australia,961
3 / 28,3471,3262,374,14,193,,,,,,Australia,962
3 / 29,3856,3623,384,16,216,,,,,,Australia,963
3 / 30,4252,3993,395,18,240,,,,,,Australia,964
3 / 31,4660,4372,408,20,267,,,,,,Australia,965
4 / 1,5081,4763,421,22,296,,,,,,Australia,966
4 / 2,5517,5164,435,24,328,,,,,,Australia,967
4 / 3,5966,5576,449,27,362,,,,,,Australia,968
4 / 4,6431,6001,464,30,399,,,,,,Australia,969
4 / 5,6909,6437,478,33,439,,,,,,Australia,970
4 / 6,7402,6883,492,36,482,,,,,,Australia,971
4 / 7,7908,7341,506,39,527,,,,,,Australia,972
4 / 8,8427,7807,518,43,576,,,,,,Australia,973
4 / 9,8956,8281,529,47,627,,,,,,Australia,974
4 / 10,9495,8761,538,51,682,,,,,,Australia,975
4 / 11,10041,9245,546,55,740,,,,,,Australia,976
4 / 12,10593,9732,551,60,800,,,,,,Australia,977
4 / 13,11148,10218,555,65,864,,,,,,Australia,978
4 / 14,11705,10703,556,70,931,,,,,,Australia,979
4 / 15,12261,11184,556,75,1001,,,,,,Australia,980
4 / 16,12815,11658,553,81,1075,,,,,,Australia,981
4 / 17,13364,12125,548,87,1151,,,,,,Australia,982
4 / 18,13906,12583,542,93,1230,,,,,,Australia,983
4 / 19,14441,13029,534,99,1312,,,,,,Australia,984
4 / 20,14966,13463,525,105,1397,,,,,,Australia,985
4 / 21,15480,13883,514,112,1484,,,,,,Australia,986
4 / 22,15983,14289,502,119,1575,,,,,,Australia,987
4 / 23,16473,14679,490,126,1668,,,,,,Australia,988
4 / 24,16950,15053,476,133,1763,,,,,,Australia,989
4 / 25,17413,15411,462,140,1860,,,,,,Australia,990
3 / 12,,,,,,617,616,173,0,1,Denmark,991
3 / 13,804,803,0,0,1,804,803,187,0,1,Denmark,992
3 / 14,861,857,57,1,1,836,834,32,1,1,Denmark,993
3 / 15,922,916,61,4,2,875,872,39,2,1,Denmark,994
3 / 16,988,979,66,6,2,933,929,58,3,1,Denmark,995
3 / 17,1059,1047,70,9,2,1025,1020,92,4,1,Denmark,996
3 / 18,1135,1120,75,12,3,1116,1111,91,4,1,Denmark,997
3 / 19,1216,1198,81,16,2,1225,1218,109,6,1,Denmark,998
3 / 20,1303,1281,86,20,2,1335,1325,110,9,1,Denmark,999
3 / 21,1396,1369,92,24,1,1420,1406,85,13,1,Denmark,1000
3 / 22,1494,1464,98,28,2,1514,1500,94,13,1,Denmark,1001
3 / 23,1599,1564,104,17,17,1572,1524,58,24,24,Denmark,1002
3 / 24,1718,1650,118,32,36,1718,1650,146,32,36,Denmark,1003
3 / 25,1835,1762,117,33,39,1862,1787,144,34,41,Denmark,1004
3 / 26,1959,1880,123,35,43,2023,1932,161,41,50,Denmark,1005
3 / 27,2090,2005,130,37,46,,,,,,Denmark,1006
3 / 28,2227,2136,137,40,49,,,,,,Denmark,1007
3 / 29,2371,2274,144,43,53,,,,,,Denmark,1008
3 / 30,2522,2418,150,46,57,,,,,,Denmark,1009
3 / 31,2680,2568,157,50,61,,,,,,Denmark,1010
4 / 1,2844,2724,164,53,65,,,,,,Denmark,1011
4 / 2,3014,2887,170,57,70,,,,,,Denmark,1012
4 / 3,3191,3055,177,61,75,,,,,,Denmark,1013
4 / 4,3375,3229,183,65,80,,,,,,Denmark,1014
4 / 5,3564,3408,189,70,85,,,,,,Denmark,1015
4 / 6,3759,3592,194,74,91,,,,,,Denmark,1016
4 / 7,3959,3782,200,79,97,,,,,,Denmark,1017
4 / 8,4164,3975,205,85,103,,,,,,Denmark,1018
4 / 9,4375,4173,210,90,110,,,,,,Denmark,1019
4 / 10,4589,4375,214,96,117,,,,,,Denmark,1020
4 / 11,4808,4581,218,102,124,,,,,,Denmark,1021
4 / 12,5030,4789,222,108,132,,,,,,Denmark,1022
4 / 13,5256,5000,225,115,140,,,,,,Denmark,1023
4 / 14,5485,5214,228,122,148,,,,,,Denmark,1024
4 / 15,5716,5429,231,129,157,,,,,,Denmark,1025
4 / 16,5950,5646,233,136,166,,,,,,Denmark,1026
4 / 17,6185,5864,235,144,176,,,,,,Denmark,1027
4 / 18,6422,6083,236,152,185,,,,,,Denmark,1028
4 / 19,6660,6303,238,160,196,,,,,,Denmark,1029
4 / 20,6899,6523,238,169,206,,,,,,Denmark,1030
4 / 21,7138,6742,239,178,217,,,,,,Denmark,1031
4 / 22,7377,6961,239,187,228,,,,,,Denmark,1032
4 / 23,7617,7179,239,197,240,,,,,,Denmark,1033
4 / 24,7856,7397,238,206,252,,,,,,Denmark,1034
4 / 25,8094,7612,238,216,264,,,,,,Denmark,1035
3 / 12,,,,,,702,701,104,0,1,Norway,1036
3 / 13,996,995,0,0,1,996,995,294,0,1,Norway,1037
3 / 14,1092,1091,96,0,0,1090,1086,94,3,1,Norway,1038
3 / 15,1199,1198,106,0,0,1221,1217,131,3,1,Norway,1039
3 / 16,1317,1316,118,0,0,1333,1329,112,3,1,Norway,1040
3 / 17,1449,1447,131,1,0,1463,1459,130,3,1,Norway,1041
3 / 18,1594,1593,145,1,0,1550,1543,87,6,1,Norway,1042
3 / 19,1756,1755,161,1,0,1746,1738,196,7,1,Norway,1043
3 / 20,1936,1935,179,1,0,1939,1931,193,7,1,Norway,1044
3 / 21,2136,2134,199,1,0,2164,2156,225,7,1,Norway,1045
3 / 22,2356,2354,220,1,0,2383,2375,219,7,1,Norway,1046
3 / 23,2600,2597,243,1,0,2621,2605,238,10,6,Norway,1047
3 / 24,2863,2845,262,12,6,2863,2845,242,12,6,Norway,1048
3 / 25,3151,3133,288,12,5,3084,3064,221,14,6,Norway,1049
3 / 26,3459,3440,307,12,5,3369,3349,285,14,6,Norway,1050
3 / 27,3784,3766,325,13,5,,,,,,Norway,1051
3 / 28,4129,4110,344,13,5,,,,,,Norway,1052
3 / 29,4491,4472,362,13,5,,,,,,Norway,1053
3 / 30,4872,4852,380,13,5,,,,,,Norway,1054
3 / 31,5268,5248,396,14,6,,,,,,Norway,1055
4 / 1,5681,5660,412,14,6,,,,,,Norway,1056
4 / 2,6108,6087,426,14,6,,,,,,Norway,1057
4 / 3,6547,6525,439,15,6,,,,,,Norway,1058
4 / 4,6997,6975,450,15,6,,,,,,Norway,1059
4 / 5,7456,7433,459,15,6,,,,,,Norway,1060
4 / 6,7922,7899,466,16,6,,,,,,Norway,1061
4 / 7,8394,8370,471,16,7,,,,,,Norway,1062
4 / 8,8868,8844,474,17,7,,,,,,Norway,1063
4 / 9,9345,9319,476,17,7,,,,,,Norway,1064
4 / 10,9820,9794,475,18,7,,,,,,Norway,1065
4 / 11,10294,10267,473,18,8,,,,,,Norway,1066
4 / 12,10765,10737,470,19,8,,,,,,Norway,1067
4 / 13,11231,11202,465,20,8,,,,,,Norway,1068
4 / 14,11690,11661,459,20,8,,,,,,Norway,1069
4 / 15,12143,12112,452,21,9,,,,,,Norway,1070
4 / 16,12588,12556,444,22,9,,,,,,Norway,1071
4 / 17,13023,12991,435,22,9,,,,,,Norway,1072
4 / 18,13450,13416,426,23,10,,,,,,Norway,1073
4 / 19,13866,13831,416,24,10,,,,,,Norway,1074
4 / 20,14271,14236,405,25,10,,,,,,Norway,1075
4 / 21,14666,14629,394,25,11,,,,,,Norway,1076
4 / 22,15050,15012,383,26,11,,,,,,Norway,1077
4 / 23,15423,15384,373,27,11,,,,,,Norway,1078
4 / 24,15786,15745,362,28,12,,,,,,Norway,1079
4 / 25,16139,16097,353,29,12,,,,,,Norway,1080
3 / 12,412,408,161,0,3,302,297,56,1,4,Austria,1081
3 / 13,574,569,161,0,4,504,497,202,1,6,Austria,1082
3 / 14,743,738,169,0,4,655,648,151,1,6,Austria,1083
3 / 15,923,917,179,0,5,860,853,205,1,6,Austria,1084
3 / 16,1127,1120,203,2,4,1018,1009,158,3,6,Austria,1085
3 / 17,1366,1358,239,2,5,1332,1323,314,3,6,Austria,1086
3 / 18,1653,1644,287,2,6,1646,1633,314,4,9,Austria,1087
3 / 19,2000,1990,347,4,6,2013,1998,367,6,9,Austria,1088
3 / 20,2420,2408,419,4,7,2388,2373,375,6,9,Austria,1089
3 / 21,2926,2911,505,5,8,2649,2634,261,6,9,Austria,1090
3 / 22,3531,3514,604,11,6,3244,3219,595,16,9,Austria,1091
3 / 23,4181,4161,650,14,6,4474,4444,1230,21,9,Austria,1092
3 / 24,4934,4910,753,18,5,5283,5246,809,28,9,Austria,1093
3 / 25,5742,5703,807,30,9,5588,5549,305,30,9,Austria,1094
3 / 26,6569,6524,826,13,30,6909,6748,1321,49,112,Austria,1095
3 / 27,7386,7336,817,15,34,,,,,,Austria,1096
3 / 28,8238,8181,851,17,39,,,,,,Austria,1097
3 / 29,9047,8983,809,19,44,,,,,,Austria,1098
3 / 30,9856,9784,809,21,50,,,,,,Austria,1099
3 / 31,10700,10619,843,24,56,,,,,,Austria,1100
4 / 1,11612,11522,912,27,62,,,,,,Austria,1101
4 / 2,12588,12488,976,30,70,,,,,,Austria,1102
4 / 3,13626,13514,1037,34,77,,,,,,Austria,1103
4 / 4,14715,14591,1089,37,86,,,,,,Austria,1104
4 / 5,15842,15705,1126,41,95,,,,,,Austria,1105
4 / 6,16986,16836,1144,45,104,,,,,,Austria,1106
4 / 7,18128,17962,1141,50,115,,,,,,Austria,1107
4 / 8,19245,19064,1116,55,126,,,,,,Austria,1108
4 / 9,20317,20118,1071,60,137,,,,,,Austria,1109
4 / 10,21326,21110,1009,65,150,,,,,,Austria,1110
4 / 11,22259,22025,933,71,163,,,,,,Austria,1111
4 / 12,23107,22854,848,77,176,,,,,,Austria,1112
4 / 13,23867,23593,759,83,190,,,,,,Austria,1113
4 / 14,24537,24243,670,89,204,,,,,,Austria,1114
4 / 15,25120,24806,583,95,219,,,,,,Austria,1115
4 / 16,25623,25287,502,102,233,,,,,,Austria,1116
4 / 17,26052,25694,428,109,249,,,,,,Austria,1117
4 / 18,26414,26034,362,115,264,,,,,,Austria,1118
4 / 19,26718,26315,303,122,280,,,,,,Austria,1119
4 / 20,26971,26546,253,129,295,,,,,,Austria,1120
4 / 21,27181,26733,209,136,311,,,,,,Austria,1121
4 / 22,27354,26883,172,143,327,,,,,,Austria,1122
4 / 23,27496,27001,141,150,343,,,,,,Austria,1123
4 / 24,27612,27094,116,157,359,,,,,,Austria,1124
4 / 25,27706,27166,94,164,376,,,,,,Austria,1125
3 / 12,,,,,,19,19,12,0,0,Luxembourg,1126
3 / 13,,,,,,34,34,15,0,0,Luxembourg,1127
3 / 14,,,,,,51,50,17,1,0,Luxembourg,1128
3 / 15,62,61,0,1,0,59,58,8,1,0,Luxembourg,1129
3 / 16,136,135,74,1,0,77,76,18,1,0,Luxembourg,1130
3 / 17,211,209,74,1,0,140,139,63,1,0,Luxembourg,1131
3 / 18,291,288,79,2,0,203,201,63,2,0,Luxembourg,1132
3 / 19,377,374,86,3,0,335,331,132,4,0,Luxembourg,1133
3 / 20,478,473,100,4,0,484,480,149,4,0,Luxembourg,1134
3 / 21,600,593,121,6,0,670,662,186,8,0,Luxembourg,1135
3 / 22,749,740,149,4,3,798,784,128,8,6,Luxembourg,1136
3 / 23,924,913,175,6,4,875,861,77,8,6,Luxembourg,1137
3 / 24,1127,1113,202,8,6,1099,1085,224,8,6,Luxembourg,1138
3 / 25,1342,1328,215,8,6,1333,1319,234,8,6,Luxembourg,1139
3 / 26,1560,1542,218,11,7,1453,1438,120,9,6,Luxembourg,1140
3 / 27,1774,1750,213,14,9,,,,,,Luxembourg,1141
3 / 28,1984,1954,209,17,11,,,,,,Luxembourg,1142
3 / 29,2181,2145,197,21,14,,,,,,Luxembourg,1143
3 / 30,2379,2336,197,25,17,,,,,,Luxembourg,1144
3 / 31,2609,2559,230,30,20,,,,,,Luxembourg,1145
4 / 1,2861,2802,251,35,23,,,,,,Luxembourg,1146
4 / 2,3137,3069,276,40,27,,,,,,Luxembourg,1147
4 / 3,3435,3357,298,46,31,,,,,,Luxembourg,1148
4 / 4,3751,3662,315,53,35,,,,,,Luxembourg,1149
4 / 5,4078,3977,326,60,40,,,,,,Luxembourg,1150
4 / 6,4406,4292,328,68,45,,,,,,Luxembourg,1151
4 / 7,4729,4601,322,76,51,,,,,,Luxembourg,1152
4 / 8,5037,4894,307,85,57,,,,,,Luxembourg,1153
4 / 9,5323,5164,285,95,63,,,,,,Luxembourg,1154
4 / 10,5582,5407,259,104,69,,,,,,Luxembourg,1155
4 / 11,5811,5619,229,115,76,,,,,,Luxembourg,1156
4 / 12,6009,5799,198,126,84,,,,,,Luxembourg,1157
4 / 13,6177,5949,168,137,91,,,,,,Luxembourg,1158
4 / 14,6317,6070,140,148,98,,,,,,Luxembourg,1159
4 / 15,6432,6166,114,159,106,,,,,,Luxembourg,1160
4 / 16,6525,6239,92,171,114,,,,,,Luxembourg,1161
4 / 17,6599,6294,74,183,122,,,,,,Luxembourg,1162
4 / 18,6658,6333,58,194,129,,,,,,Luxembourg,1163
4 / 19,6704,6359,45,206,137,,,,,,Luxembourg,1164
4 / 20,6739,6375,35,218,145,,,,,,Luxembourg,1165
4 / 21,6767,6382,27,230,153,,,,,,Luxembourg,1166
4 / 22,6788,6384,21,242,161,,,,,,Luxembourg,1167
4 / 23,6804,6380,16,254,169,,,,,,Luxembourg,1168
4 / 24,6817,6372,12,266,177,,,,,,Luxembourg,1169
4 / 25,6826,6362,9,278,185,,,,,,Luxembourg,1170
3 / 12,114,112,32,0,1,262,262,0,0,0,Qatar,1171
3 / 13,148,145,34,0,2,320,320,58,0,0,Qatar,1172
3 / 14,171,167,23,0,4,337,333,17,0,4,Qatar,1173
3 / 15,199,193,27,0,5,401,397,64,0,4,Qatar,1174
3 / 16,231,224,32,0,7,439,435,38,0,4,Qatar,1175
3 / 17,269,260,38,0,9,439,435,0,0,4,Qatar,1176
3 / 18,314,302,44,0,11,452,448,13,0,4,Qatar,1177
3 / 19,366,352,52,0,14,460,456,8,0,4,Qatar,1178
3 / 20,427,410,61,0,17,470,460,10,0,10,Qatar,1179
3 / 21,466,445,38,0,21,481,454,11,0,27,Qatar,1180
3 / 22,549,524,83,0,25,494,461,13,0,33,Qatar,1181
3 / 23,647,614,97,0,33,501,468,7,0,33,Qatar,1182
3 / 24,759,721,112,0,38,526,485,25,0,41,Qatar,1183
3 / 25,896,851,136,0,45,537,496,11,0,41,Qatar,1184
3 / 26,1033,980,136,0,53,549,506,12,0,43,Qatar,1185
3 / 27,1220,1158,186,0,62,,,,,,Qatar,1186
3 / 28,1411,1338,190,0,72,,,,,,Qatar,1187
3 / 29,1625,1540,214,0,84,,,,,,Qatar,1188
3 / 30,1864,1765,238,0,98,,,,,,Qatar,1189
3 / 31,2128,2013,263,0,114,,,,,,Qatar,1190
4 / 1,2416,2283,288,0,132,,,,,,Qatar,1191
4 / 2,2728,2574,311,0,153,,,,,,Qatar,1192
4 / 3,3061,2884,332,0,176,,,,,,Qatar,1193
4 / 4,3412,3210,351,0,202,,,,,,Qatar,1194
4 / 5,3777,3547,365,0,230,,,,,,Qatar,1195
4 / 6,4153,3891,375,0,261,,,,,,Qatar,1196
4 / 7,4533,4237,380,0,296,,,,,,Qatar,1197
4 / 8,4912,4579,379,0,333,,,,,,Qatar,1198
4 / 9,5286,4912,373,0,373,,,,,,Qatar,1199
4 / 10,5648,5232,362,0,416,,,,,,Qatar,1200
4 / 11,5995,5533,346,0,461,,,,,,Qatar,1201
4 / 12,6323,5813,327,0,509,,,,,,Qatar,1202
4 / 13,6629,6070,306,0,559,,,,,,Qatar,1203
4 / 14,6912,6301,283,0,611,,,,,,Qatar,1204
4 / 15,7171,6505,258,0,665,,,,,,Qatar,1205
4 / 16,7406,6684,234,0,721,,,,,,Qatar,1206
4 / 17,7617,6838,210,0,778,,,,,,Qatar,1207
4 / 18,7805,6968,188,0,836,,,,,,Qatar,1208
4 / 19,7972,7076,166,0,896,,,,,,Qatar,1209
4 / 20,8119,7163,147,0,956,,,,,,Qatar,1210
4 / 21,8248,7231,129,0,1016,,,,,,Qatar,1211
4 / 22,8361,7283,112,0,1078,,,,,,Qatar,1212
4 / 23,8460,7320,98,0,1139,,,,,,Qatar,1213
4 / 24,8545,7344,85,0,1201,,,,,,Qatar,1214
4 / 25,8619,7356,74,0,1263,,,,,,Qatar,1215
3 / 12,,,,,,43,42,0,1,0,Ireland,1216
3 / 13,90,89,0,1,0,90,89,47,1,0,Ireland,1217
3 / 14,174,173,84,1,0,129,127,39,2,0,Ireland,1218
3 / 15,224,222,50,1,0,129,127,0,2,0,Ireland,1219
3 / 16,270,268,45,2,0,169,167,40,2,0,Ireland,1220
3 / 17,322,319,52,0,1,223,216,54,2,5,Ireland,1221
3 / 18,387,383,64,0,2,292,285,69,2,5,Ireland,1222
3 / 19,468,464,81,1,2,557,549,265,3,5,Ireland,1223
3 / 20,571,566,102,1,3,683,675,126,3,5,Ireland,1224
3 / 21,701,694,129,2,4,785,777,102,3,5,Ireland,1225
3 / 22,865,857,163,3,4,906,897,121,4,5,Ireland,1226
3 / 23,1070,1060,205,5,4,1125,1114,219,6,5,Ireland,1227
3 / 24,1326,1314,256,7,5,1329,1317,204,7,5,Ireland,1228
3 / 25,1564,1550,237,9,5,1564,1550,235,9,5,Ireland,1229
3 / 26,2007,1990,443,13,3,1819,1795,255,19,5,Ireland,1230
3 / 27,2517,2495,509,17,4,,,,,,Ireland,1231
3 / 28,3122,3094,604,21,5,,,,,,Ireland,1232
3 / 29,3838,3804,716,27,7,,,,,,Ireland,1233
3 / 30,4675,4632,836,33,8,,,,,,Ireland,1234
3 / 31,5634,5582,959,41,10,,,,,,Ireland,1235
4 / 1,6710,6645,1075,51,13,,,,,,Ireland,1236
4 / 2,7885,7806,1174,62,16,,,,,,Ireland,1237
4 / 3,9131,9036,1246,75,19,,,,,,Ireland,1238
4 / 4,10412,10298,1281,90,23,,,,,,Ireland,1239
4 / 5,11686,11550,1274,107,28,,,,,,Ireland,1240
4 / 6,12911,12751,1224,126,33,,,,,,Ireland,1241
4 / 7,14048,13862,1137,147,38,,,,,,Ireland,1242
4 / 8,15071,14857,1022,169,44,,,,,,Ireland,1243
4 / 9,15962,15718,891,193,50,,,,,,Ireland,1244
4 / 10,16717,16442,755,218,57,,,,,,Ireland,1245
4 / 11,17341,17033,623,244,64,,,,,,Ireland,1246
4 / 12,17845,17503,503,271,71,,,,,,Ireland,1247
4 / 13,18245,17867,399,298,78,,,,,,Ireland,1248
4 / 14,18557,18144,311,326,86,,,,,,Ireland,1249
4 / 15,18797,18348,240,355,93,,,,,,Ireland,1250
4 / 16,18980,18495,183,384,101,,,,,,Ireland,1251
4 / 17,19119,18597,138,412,108,,,,,,Ireland,1252
4 / 18,19223,18664,104,441,116,,,,,,Ireland,1253
4 / 19,19300,18706,77,471,123,,,,,,Ireland,1254
4 / 20,19358,18727,57,500,131,,,,,,Ireland,1255
4 / 21,19402,18733,43,529,139,,,,,,Ireland,1256
4 / 22,19433,18728,31,558,146,,,,,,Ireland,1257
4 / 23,19457,18715,23,587,154,,,,,,Ireland,1258
4 / 24,19475,18696,17,616,162,,,,,,Ireland,1259
4 / 25,19488,18672,12,645,169,,,,,,Ireland,1260
3 / 12,143,140,29,0,2,59,59,0,0,0,Portugal,1261
3 / 13,180,177,37,0,3,112,111,53,0,1,Portugal,1262
3 / 14,228,224,47,0,4,169,167,57,0,2,Portugal,1263
3 / 15,289,284,61,0,5,245,243,76,0,2,Portugal,1264
3 / 16,367,360,78,0,6,331,328,86,0,3,Portugal,1265
3 / 17,467,458,99,2,6,448,444,117,1,3,Portugal,1266
3 / 18,595,583,127,4,6,448,443,0,2,3,Portugal,1267
3 / 19,757,742,161,7,7,785,779,337,3,3,Portugal,1268
3 / 20,961,942,204,11,7,1020,1010,235,6,4,Portugal,1269
3 / 21,1219,1195,258,18,6,1280,1264,260,12,4,Portugal,1270
3 / 22,1543,1512,323,22,8,1600,1581,320,14,5,Portugal,1271
3 / 23,1945,1905,402,24,14,2060,2023,460,23,14,Portugal,1272
3 / 24,2440,2390,495,29,19,2362,2307,302,33,22,Portugal,1273
3 / 25,2995,2930,554,43,22,2995,2930,633,43,22,Portugal,1274
3 / 26,3779,3698,784,47,34,3544,3441,549,60,43,Portugal,1275
3 / 27,4645,4543,865,59,42,,,,,,Portugal,1276
3 / 28,5651,5524,1006,73,52,,,,,,Portugal,1277
3 / 29,6796,6640,1145,91,65,,,,,,Portugal,1278
3 / 30,8070,7877,1273,112,80,,,,,,Portugal,1279
3 / 31,9448,9213,1378,136,98,,,,,,Portugal,1280
4 / 1,10900,10616,1452,165,118,,,,,,Portugal,1281
4 / 2,12386,12046,1485,198,141,,,,,,Portugal,1282
4 / 3,13863,13460,1477,234,168,,,,,,Portugal,1283
4 / 4,15291,14818,1427,275,197,,,,,,Portugal,1284
4 / 5,16634,16084,1343,320,229,,,,,,Portugal,1285
4 / 6,17867,17234,1232,368,263,,,,,,Portugal,1286
4 / 7,18973,18253,1106,419,300,,,,,,Portugal,1287
4 / 8,19946,19134,973,473,339,,,,,,Portugal,1288
4 / 9,20788,19879,842,529,379,,,,,,Portugal,1289
4 / 10,21506,20497,717,587,421,,,,,,Portugal,1290
4 / 11,22111,20999,604,647,464,,,,,,Portugal,1291
4 / 12,22616,21399,504,708,508,,,,,,Portugal,1292
4 / 13,23033,21709,417,771,552,,,,,,Portugal,1293
4 / 14,23376,21944,343,834,597,,,,,,Portugal,1294
4 / 15,23657,22116,280,897,643,,,,,,Portugal,1295
4 / 16,23885,22235,228,961,689,,,,,,Portugal,1296
4 / 17,24071,22310,185,1025,735,,,,,,Portugal,1297
4 / 18,24221,22350,150,1090,781,,,,,,Portugal,1298
4 / 19,24343,22361,121,1154,827,,,,,,Portugal,1299
4 / 20,24441,22348,98,1219,873,,,,,,Portugal,1300
4 / 21,24521,22317,79,1283,919,,,,,,Portugal,1301
4 / 22,24585,22271,64,1347,965,,,,,,Portugal,1302
4 / 23,24637,22213,51,1411,1011,,,,,,Portugal,1303
4 / 24,24678,22145,41,1475,1057,,,,,,Portugal,1304
4 / 25,24712,22069,33,1539,1103,,,,,,Portugal,1305
3 / 12,99,97,19,0,1,131,127,22,0,4,Israel,1306
3 / 13,124,122,25,0,1,161,157,30,0,4,Israel,1307
3 / 14,157,155,32,0,1,193,189,32,0,4,Israel,1308
3 / 15,200,198,42,0,2,251,247,58,0,4,Israel,1309
3 / 16,255,253,55,0,2,255,251,4,0,4,Israel,1310
3 / 17,328,325,72,0,2,337,326,82,0,11,Israel,1311
3 / 18,421,418,93,0,3,433,422,96,0,11,Israel,1312
3 / 19,542,538,120,0,3,677,666,244,0,11,Israel,1313
3 / 20,696,692,154,0,4,705,689,28,1,15,Israel,1314
3 / 21,894,888,197,0,5,883,867,178,1,15,Israel,1315
3 / 22,1143,1136,249,0,6,1071,1033,188,1,37,Israel,1316
3 / 23,1455,1446,311,0,8,1442,1400,371,1,41,Israel,1317
3 / 24,1839,1828,384,0,10,1930,1874,488,3,53,Israel,1318
3 / 25,2369,2306,529,5,58,2369,2306,439,5,58,Israel,1319
3 / 26,2926,2860,557,6,59,2693,2617,324,8,68,Israel,1320
3 / 27,3577,3506,650,7,63,,,,,,Israel,1321
3 / 28,4318,4242,740,7,67,,,,,,Israel,1322
3 / 29,5137,5055,819,8,73,,,,,,Israel,1323
3 / 30,6020,5930,882,9,80,,,,,,Israel,1324
3 / 31,6943,6844,922,10,87,,,,,,Israel,1325
4 / 1,7883,7775,940,11,96,,,,,,Israel,1326
4 / 2,8819,8700,936,12,106,,,,,,Israel,1327
4 / 3,9733,9601,913,13,117,,,,,,Israel,1328
4 / 4,10610,10465,877,15,129,,,,,,Israel,1329
4 / 5,11442,11282,832,16,142,,,,,,Israel,1330
4 / 6,12225,12050,783,18,156,,,,,,Israel,1331
4 / 7,12959,12767,733,20,171,,,,,,Israel,1332
4 / 8,13643,13433,684,22,187,,,,,,Israel,1333
4 / 9,14279,14051,636,24,204,,,,,,Israel,1334
4 / 10,14872,14624,592,26,221,,,,,,Israel,1335
4 / 11,15422,15154,550,28,239,,,,,,Israel,1336
4 / 12,15933,15644,511,30,258,,,,,,Israel,1337
4 / 13,16407,16097,474,32,277,,,,,,Israel,1338
4 / 14,16848,16516,440,34,296,,,,,,Israel,1339
4 / 15,17257,16903,409,37,317,,,,,,Israel,1340
4 / 16,17638,17260,380,39,337,,,,,,Israel,1341
4 / 17,17991,17590,353,42,358,,,,,,Israel,1342
4 / 18,18318,17894,327,44,380,,,,,,Israel,1343
4 / 19,18623,18174,304,47,401,,,,,,Israel,1344
4 / 20,18906,18432,282,49,423,,,,,,Israel,1345
4 / 21,19168,18669,262,52,446,,,,,,Israel,1346
4 / 22,19412,18888,243,55,468,,,,,,Israel,1347
4 / 23,19638,19089,226,57,491,,,,,,Israel,1348
4 / 24,19849,19273,210,60,514,,,,,,Israel,1349
4 / 25,20044,19442,195,63,538,,,,,,Israel,1350
3 / 12,136,133,19,0,2,59,58,0,0,1,Finland,1351
3 / 13,157,155,21,0,2,155,154,96,0,1,Finland,1352
3 / 14,183,179,25,0,3,225,224,70,0,1,Finland,1353
3 / 15,212,208,29,0,3,244,234,19,0,10,Finland,1354
3 / 16,246,241,33,0,4,277,267,33,0,10,Finland,1355
3 / 17,285,280,39,0,4,321,311,44,0,10,Finland,1356
3 / 18,331,326,46,0,5,336,326,15,0,10,Finland,1357
3 / 19,385,379,53,0,6,400,390,64,0,10,Finland,1358
3 / 20,448,440,62,0,7,450,440,50,0,10,Finland,1359
3 / 21,521,512,72,0,8,523,512,73,1,10,Finland,1360
3 / 22,605,595,84,0,9,626,615,103,1,10,Finland,1361
3 / 23,694,682,88,1,10,700,689,74,1,10,Finland,1362
3 / 24,801,787,107,1,12,792,781,92,1,10,Finland,1363
3 / 25,929,916,127,3,10,880,867,88,3,10,Finland,1364
3 / 26,1077,1062,148,5,10,958,943,78,5,10,Finland,1365
3 / 27,1249,1230,171,6,12,,,,,,Finland,1366
3 / 28,1457,1435,207,7,14,,,,,,Finland,1367
3 / 29,1674,1648,217,8,17,,,,,,Finland,1368
3 / 30,1891,1861,217,10,20,,,,,,Finland,1369
3 / 31,2210,2174,319,12,24,,,,,,Finland,1370
4 / 1,2540,2497,329,14,28,,,,,,Finland,1371
4 / 2,2908,2858,368,16,33,,,,,,Finland,1372
4 / 3,3318,3260,410,19,38,,,,,,Finland,1373
4 / 4,3771,3704,452,22,44,,,,,,Finland,1374
4 / 5,4267,4189,495,25,51,,,,,,Finland,1375
4 / 6,4805,4715,538,29,59,,,,,,Finland,1376
4 / 7,5383,5280,577,34,68,,,,,,Finland,1377
4 / 8,5997,5879,613,39,78,,,,,,Finland,1378
4 / 9,6641,6507,644,44,89,,,,,,Finland,1379
4 / 10,7309,7156,667,50,101,,,,,,Finland,1380
4 / 11,7992,7819,683,57,115,,,,,,Finland,1381
4 / 12,8681,8487,689,64,129,,,,,,Finland,1382
4 / 13,9367,9149,685,72,145,,,,,,Finland,1383
4 / 14,10039,9795,671,81,162,,,,,,Finland,1384
4 / 15,10688,10417,649,90,180,,,,,,Finland,1385
4 / 16,11306,11007,618,99,199,,,,,,Finland,1386
4 / 17,11887,11558,580,109,219,,,,,,Finland,1387
4 / 18,12425,12064,538,120,240,,,,,,Finland,1388
4 / 19,12917,12523,492,131,262,,,,,,Finland,1389
4 / 20,13362,12934,444,142,285,,,,,,Finland,1390
4 / 21,13758,13295,396,154,308,,,,,,Finland,1391
4 / 22,14109,13610,350,166,332,,,,,,Finland,1392
4 / 23,14415,13880,306,178,357,,,,,,Finland,1393
4 / 24,14681,14108,265,191,382,,,,,,Finland,1394
4 / 25,14910,14299,228,203,407,,,,,,Finland,1395
3 / 12,176,175,37,0,0,94,94,3,0,0,Czech Rep.,1396
3 / 13,214,213,37,0,0,141,141,47,0,0,Czech Rep.,1397
3 / 14,255,254,41,0,0,189,189,48,0,0,Czech Rep.,1398
3 / 15,303,302,47,0,1,253,253,64,0,0,Czech Rep.,1399
3 / 16,360,358,56,0,1,298,295,45,0,3,Czech Rep.,1400
3 / 17,427,426,67,0,1,396,393,98,0,3,Czech Rep.,1401
3 / 18,508,506,80,0,2,464,461,68,0,3,Czech Rep.,1402
3 / 19,605,602,96,0,2,694,691,230,0,3,Czech Rep.,1403
3 / 20,720,717,115,0,3,833,829,139,0,4,Czech Rep.,1404
3 / 21,858,854,138,0,4,995,989,162,0,6,Czech Rep.,1405
3 / 22,1023,1018,164,0,4,1120,1113,125,1,6,Czech Rep.,1406
3 / 23,1219,1213,195,0,5,1236,1228,116,1,7,Czech Rep.,1407
3 / 24,1451,1444,232,1,5,1394,1381,158,3,10,Czech Rep.,1408
3 / 25,1654,1638,202,6,10,1654,1638,260,6,10,Czech Rep.,1409
3 / 26,2074,2056,420,8,9,1925,1906,271,9,10,Czech Rep.,1410
3 / 27,2679,2659,605,9,10,,,,,,Czech Rep.,1411
3 / 28,3489,3467,810,10,12,,,,,,Czech Rep.,1412
3 / 29,4521,4495,1031,12,14,,,,,,Czech Rep.,1413
3 / 30,5776,5744,1254,14,16,,,,,,Czech Rep.,1414
3 / 31,7233,7195,1457,17,19,,,,,,Czech Rep.,1415
4 / 1,8848,8803,1615,21,23,,,,,,Czech Rep.,1416
4 / 2,10556,10501,1708,25,28,,,,,,Czech Rep.,1417
4 / 3,12282,12216,1725,31,34,,,,,,Czech Rep.,1418
4 / 4,13953,13874,1670,37,41,,,,,,Czech Rep.,1419
4 / 5,15508,15416,1555,43,48,,,,,,Czech Rep.,1420
4 / 6,16909,16801,1400,51,56,,,,,,Czech Rep.,1421
4 / 7,18134,18010,1225,58,65,,,,,,Czech Rep.,1422
4 / 8,19181,19038,1046,67,74,,,,,,Czech Rep.,1423
4 / 9,20057,19896,876,76,84,,,,,,Czech Rep.,1424
4 / 10,20779,20599,722,85,94,,,,,,Czech Rep.,1425
4 / 11,21367,21167,587,94,105,,,,,,Czech Rep.,1426
4 / 12,21840,21620,473,104,116,,,,,,Czech Rep.,1427
4 / 13,22219,21977,378,114,127,,,,,,Czech Rep.,1428
4 / 14,22519,22256,300,124,138,,,,,,Czech Rep.,1429
4 / 15,22756,22471,236,134,149,,,,,,Czech Rep.,1430
4 / 16,22942,22636,186,144,161,,,,,,Czech Rep.,1431
4 / 17,23088,22760,146,155,172,,,,,,Czech Rep.,1432
4 / 18,23202,22853,114,165,184,,,,,,Czech Rep.,1433
4 / 19,23291,22920,89,176,195,,,,,,Czech Rep.,1434
4 / 20,23361,22967,69,186,207,,,,,,Czech Rep.,1435
4 / 21,23415,22999,54,196,218,,,,,,Czech Rep.,1436
4 / 22,23457,23019,42,207,230,,,,,,Czech Rep.,1437
4 / 23,23490,23030,32,217,242,,,,,,Czech Rep.,1438
4 / 24,23515,23033,25,228,253,,,,,,Czech Rep.,1439
4 / 25,23535,23031,19,238,265,,,,,,Czech Rep.,1440
3 / 12,,,,,,52,52,14,0,0,Brazil,1441
3 / 13,151,151,0,0,0,151,151,99,0,0,Brazil,1442
3 / 14,185,185,34,0,0,151,151,0,0,0,Brazil,1443
3 / 15,232,232,46,0,0,162,162,11,0,0,Brazil,1444
3 / 16,295,294,62,0,0,200,199,38,0,1,Brazil,1445
3 / 17,378,378,83,0,0,321,318,121,1,2,Brazil,1446
3 / 18,490,489,111,0,0,372,367,51,3,2,Brazil,1447
3 / 19,638,636,148,1,0,621,613,249,6,2,Brazil,1448
3 / 20,833,831,195,2,0,905,892,284,11,2,Brazil,1449
3 / 21,1087,1084,254,3,0,1128,1108,223,18,2,Brazil,1450
3 / 22,1414,1409,326,4,0,1593,1566,465,25,2,Brazil,1451
3 / 23,1827,1821,413,5,0,1924,1888,331,34,2,Brazil,1452
3 / 24,2247,2199,419,46,2,2247,2199,323,46,2,Brazil,1453
3 / 25,2874,2823,627,48,1,2554,2493,307,59,2,Brazil,1454
3 / 26,3615,3561,741,49,3,2985,2902,431,77,6,Brazil,1455
3 / 27,4467,4410,852,53,4,,,,,,Brazil,1456
3 / 28,5420,5358,953,57,4,,,,,,Brazil,1457
3 / 29,6459,6392,1039,62,4,,,,,,Brazil,1458
3 / 30,7564,7490,1105,68,5,,,,,,Brazil,1459
3 / 31,8715,8633,1150,76,5,,,,,,Brazil,1460
4 / 1,9890,9799,1174,84,6,,,,,,Brazil,1461
4 / 2,11071,10970,1181,93,7,,,,,,Brazil,1462
4 / 3,12242,12131,1171,103,8,,,,,,Brazil,1463
4 / 4,13393,13269,1150,115,8,,,,,,Brazil,1464
4 / 5,14512,14374,1119,127,9,,,,,,Brazil,1465
4 / 6,15593,15441,1081,140,10,,,,,,Brazil,1466
4 / 7,16632,16465,1039,154,12,,,,,,Brazil,1467
4 / 8,17626,17443,993,170,13,,,,,,Brazil,1468
4 / 9,18573,18373,947,186,14,,,,,,Brazil,1469
4 / 10,19474,19255,900,202,15,,,,,,Brazil,1470
4 / 11,20327,20090,853,220,17,,,,,,Brazil,1471
4 / 12,21135,20878,807,238,18,,,,,,Brazil,1472
4 / 13,21898,21620,762,257,20,,,,,,Brazil,1473
4 / 14,22617,22319,719,277,21,,,,,,Brazil,1474
4 / 15,23296,22975,678,297,23,,,,,,Brazil,1475
4 / 16,23935,23592,638,317,24,,,,,,Brazil,1476
4 / 17,24536,24170,601,339,26,,,,,,Brazil,1477
4 / 18,25101,24712,565,361,28,,,,,,Brazil,1478
4 / 19,25632,25219,531,383,29,,,,,,Brazil,1479
4 / 20,26131,25694,499,405,31,,,,,,Brazil,1480
4 / 21,26600,26138,468,429,33,,,,,,Brazil,1481
4 / 22,27040,26552,439,452,35,,,,,,Brazil,1482
4 / 23,27453,26940,412,476,37,,,,,,Brazil,1483
4 / 24,27840,27301,387,500,39,,,,,,Brazil,1484
4 / 25,28204,27638,363,524,40,,,,,,Brazil,1485
3 / 12,,,,,,20,18,1,0,2,Pakistan,1486
3 / 13,,,,,,28,26,8,0,2,Pakistan,1487
3 / 14,31,29,0,0,2,31,29,3,0,2,Pakistan,1488
3 / 15,185,182,154,0,2,53,51,22,0,2,Pakistan,1489
3 / 16,222,218,37,0,3,136,134,83,0,2,Pakistan,1490
3 / 17,268,262,45,0,5,236,234,100,0,2,Pakistan,1491
3 / 18,324,317,56,0,6,299,297,63,0,2,Pakistan,1492
3 / 19,394,385,69,1,7,454,439,155,2,13,Pakistan,1493
3 / 20,479,469,85,2,8,501,485,47,3,13,Pakistan,1494
3 / 21,585,571,105,2,11,730,714,229,3,13,Pakistan,1495
3 / 22,714,697,129,4,12,776,758,46,5,13,Pakistan,1496
3 / 23,873,852,158,6,14,875,856,99,6,13,Pakistan,1497
3 / 24,972,947,98,7,18,972,947,97,7,18,Pakistan,1498
3 / 25,1404,1373,432,8,22,1063,1034,91,8,21,Pakistan,1499
3 / 26,1803,1763,398,11,27,1201,1171,138,9,21,Pakistan,1500
3 / 27,2304,2254,500,15,35,,,,,,Pakistan,1501
3 / 28,2926,2862,622,19,44,,,,,,Pakistan,1502
3 / 29,3688,3607,762,24,56,,,,,,Pakistan,1503
3 / 30,4607,4504,918,30,71,,,,,,Pakistan,1504
3 / 31,5693,5563,1085,38,90,,,,,,Pakistan,1505
4 / 1,6948,6787,1255,48,113,,,,,,Pakistan,1506
4 / 2,8365,8164,1416,60,141,,,,,,Pakistan,1507
4 / 3,9922,9673,1556,74,174,,,,,,Pakistan,1508
4 / 4,11583,11279,1661,91,213,,,,,,Pakistan,1509
4 / 5,13305,12936,1722,110,258,,,,,,Pakistan,1510
4 / 6,15040,14598,1734,132,309,,,,,,Pakistan,1511
4 / 7,16738,16214,1698,157,366,,,,,,Pakistan,1512
4 / 8,18358,17744,1619,184,429,,,,,,Pakistan,1513
4 / 9,19866,19154,1508,213,498,,,,,,Pakistan,1514
4 / 10,21240,20423,1374,245,571,,,,,,Pakistan,1515
4 / 11,22468,21540,1228,278,650,,,,,,Pakistan,1516
4 / 12,23549,22503,1080,313,731,,,,,,Pakistan,1517
4 / 13,24486,23319,937,350,817,,,,,,Pakistan,1518
4 / 14,25290,23997,803,387,905,,,,,,Pakistan,1519
4 / 15,25972,24550,682,426,995,,,,,,Pakistan,1520
4 / 16,26547,24993,574,466,1087,,,,,,Pakistan,1521
4 / 17,27028,25341,481,506,1181,,,,,,Pakistan,1522
4 / 18,27429,25606,400,546,1275,,,,,,Pakistan,1523
4 / 19,27762,25802,332,587,1371,,,,,,Pakistan,1524
4 / 20,28036,25940,274,628,1467,,,,,,Pakistan,1525
4 / 21,28263,26029,226,670,1564,,,,,,Pakistan,1526
4 / 22,28450,26077,186,711,1661,,,,,,Pakistan,1527
4 / 23,28604,26092,153,753,1758,,,,,,Pakistan,1528
4 / 24,28730,26080,126,795,1855,,,,,,Pakistan,1529
4 / 25,28833,26045,103,836,1951,,,,,,Pakistan,1530
3 / 12,35,32,15,0,3,28,25,8,0,3,Russia,1531
3 / 13,50,47,15,0,3,45,42,17,0,3,Russia,1532
3 / 14,66,62,15,0,4,59,51,14,0,8,Russia,1533
3 / 15,83,78,17,0,4,63,55,4,0,8,Russia,1534
3 / 16,103,97,19,0,5,90,82,27,0,8,Russia,1535
3 / 17,127,120,23,0,6,114,106,24,0,8,Russia,1536
3 / 18,155,147,28,0,8,147,139,33,0,8,Russia,1537
3 / 19,190,180,34,0,8,199,189,52,1,9,Russia,1538
3 / 20,233,221,42,1,10,253,243,54,1,9,Russia,1539
3 / 21,286,271,52,1,13,306,293,53,1,12,Russia,1540
3 / 22,351,333,65,1,16,367,350,61,1,16,Russia,1541
3 / 23,432,410,80,1,20,438,420,71,1,17,Russia,1542
3 / 24,531,505,99,1,24,495,472,57,1,22,Russia,1543
3 / 25,658,626,126,3,29,658,626,163,3,29,Russia,1544
3 / 26,808,769,150,2,36,840,799,182,3,38,Russia,1545
3 / 27,992,944,184,3,44,,,,,,Russia,1546
3 / 28,1218,1159,225,4,54,,,,,,Russia,1547
3 / 29,1491,1420,273,5,66,,,,,,Russia,1548
3 / 30,1821,1734,329,6,81,,,,,,Russia,1549
3 / 31,2215,2108,394,7,99,,,,,,Russia,1550
4 / 1,2682,2551,466,9,121,,,,,,Russia,1551
4 / 2,3229,3069,546,11,147,,,,,,Russia,1552
4 / 3,3862,3668,633,14,179,,,,,,Russia,1553
4 / 4,4585,4350,722,17,217,,,,,,Russia,1554
4 / 5,5398,5115,812,20,262,,,,,,Russia,1555
4 / 6,6295,5956,897,24,314,,,,,,Russia,1556
4 / 7,7269,6864,973,29,375,,,,,,Russia,1557
4 / 8,8304,7825,1035,35,444,,,,,,Russia,1558
4 / 9,9382,8818,1077,41,523,,,,,,Russia,1559
4 / 10,10481,9822,1099,48,611,,,,,,Russia,1560
4 / 11,11580,10815,1098,55,708,,,,,,Russia,1561
4 / 12,12655,11774,1075,64,815,,,,,,Russia,1562
4 / 13,13687,12682,1032,73,931,,,,,,Russia,1563
4 / 14,14661,13523,974,83,1055,,,,,,Russia,1564
4 / 15,15566,14285,904,93,1187,,,,,,Russia,1565
4 / 16,16394,14964,827,104,1325,,,,,,Russia,1566
4 / 17,17142,15556,748,116,1469,,,,,,Russia,1567
4 / 18,17811,16064,668,127,1619,,,,,,Russia,1568
4 / 19,18403,16490,592,140,1773,,,,,,Russia,1569
4 / 20,18924,16840,520,152,1931,,,,,,Russia,1570
4 / 21,19378,17122,454,165,2091,,,,,,Russia,1571
4 / 22,19773,17341,394,177,2254,,,,,,Russia,1572
4 / 23,20114,17504,341,191,2419,,,,,,Russia,1573
4 / 24,20409,17619,294,204,2585,,,,,,Russia,1574
4 / 25,20661,17691,252,217,2752,,,,,,Russia,1575
3 / 12,,,,,,16,16,0,0,0,Estonia,1576
3 / 13,,,,,,79,79,63,0,0,Estonia,1577
3 / 14,115,115,0,0,0,115,115,36,0,0,Estonia,1578
3 / 15,157,157,42,0,0,171,170,56,0,1,Estonia,1579
3 / 16,193,192,35,0,0,205,204,34,0,1,Estonia,1580
3 / 17,223,222,30,0,1,225,224,20,0,1,Estonia,1581
3 / 18,250,248,26,0,1,258,257,33,0,1,Estonia,1582
3 / 19,273,271,23,0,2,267,266,9,0,1,Estonia,1583
3 / 20,294,291,21,0,2,283,282,16,0,1,Estonia,1584
3 / 21,314,311,20,0,3,306,305,23,0,1,Estonia,1585
3 / 22,334,329,19,0,4,326,324,20,0,2,Estonia,1586
3 / 23,353,348,19,0,5,352,348,26,0,4,Estonia,1587
3 / 24,372,366,19,0,6,369,362,17,0,7,Estonia,1588
3 / 25,404,395,31,1,8,404,395,35,1,8,Estonia,1589
3 / 26,424,414,20,1,8,538,529,134,1,8,Estonia,1590
3 / 27,447,437,23,1,9,,,,,,Estonia,1591
3 / 28,473,461,25,1,10,,,,,,Estonia,1592
3 / 29,500,487,27,1,11,,,,,,Estonia,1593
3 / 30,530,516,29,1,12,,,,,,Estonia,1594
3 / 31,562,546,31,1,13,,,,,,Estonia,1595
4 / 1,596,579,33,1,14,,,,,,Estonia,1596
4 / 2,632,614,36,2,16,,,,,,Estonia,1597
4 / 3,670,651,38,2,17,,,,,,Estonia,1598
4 / 4,711,690,40,2,18,,,,,,Estonia,1599
4 / 5,755,732,43,2,20,,,,,,Estonia,1600
4 / 6,800,776,45,2,21,,,,,,Estonia,1601
4 / 7,849,823,48,2,23,,,,,,Estonia,1602
4 / 8,900,872,51,3,25,,,,,,Estonia,1603
4 / 9,955,924,54,3,26,,,,,,Estonia,1604
4 / 10,1012,979,57,3,28,,,,,,Estonia,1605
4 / 11,1072,1038,60,3,30,,,,,,Estonia,1606
4 / 12,1136,1099,63,4,33,,,,,,Estonia,1607
4 / 13,1203,1164,67,4,35,,,,,,Estonia,1608
4 / 14,1274,1232,70,4,37,,,,,,Estonia,1609
4 / 15,1349,1304,74,5,40,,,,,,Estonia,1610
4 / 16,1428,1379,78,5,43,,,,,,Estonia,1611
4 / 17,1510,1458,82,5,46,,,,,,Estonia,1612
4 / 18,1597,1542,86,6,49,,,,,,Estonia,1613
4 / 19,1688,1629,91,6,52,,,,,,Estonia,1614
4 / 20,1784,1721,95,6,55,,,,,,Estonia,1615
4 / 21,1884,1817,100,7,59,,,,,,Estonia,1616
4 / 22,1989,1918,105,7,63,,,,,,Estonia,1617
4 / 23,2099,2024,109,8,67,,,,,,Estonia,1618
4 / 24,2214,2134,115,8,71,,,,,,Estonia,1619
4 / 25,2334,2249,120,9,75,,,,,,Estonia,1620
3 / 12,,,,,,89,89,32,0,0,Slovenia,1621
3 / 13,,,,,,141,141,52,0,0,Slovenia,1622
3 / 14,181,180,0,1,0,181,180,40,1,0,Slovenia,1623
3 / 15,205,204,24,1,0,219,218,38,1,0,Slovenia,1624
3 / 16,231,230,25,1,0,253,252,34,1,0,Slovenia,1625
3 / 17,258,256,27,2,0,275,274,22,1,0,Slovenia,1626
3 / 18,286,284,28,2,0,275,274,0,1,0,Slovenia,1627
3 / 19,316,313,29,3,0,286,285,11,1,0,Slovenia,1628
3 / 20,346,343,30,3,0,341,340,55,1,0,Slovenia,1629
3 / 21,378,374,31,4,0,383,382,42,1,0,Slovenia,1630
3 / 22,411,406,33,4,0,414,412,31,2,0,Slovenia,1631
3 / 23,445,440,34,5,0,442,439,28,3,0,Slovenia,1632
3 / 24,481,474,35,3,2,480,473,38,4,3,Slovenia,1633
3 / 25,528,513,46,5,10,528,513,48,5,10,Slovenia,1634
3 / 26,566,550,38,5,9,562,546,34,6,10,Slovenia,1635
3 / 27,606,589,39,6,10,,,,,,Slovenia,1636
3 / 28,647,629,41,6,11,,,,,,Slovenia,1637
3 / 29,690,671,42,7,11,,,,,,Slovenia,1638
3 / 30,734,714,44,7,12,,,,,,Slovenia,1639
3 / 31,780,758,45,8,13,,,,,,Slovenia,1640
4 / 1,827,804,47,8,14,,,,,,Slovenia,1641
4 / 2,876,852,48,9,15,,,,,,Slovenia,1642
4 / 3,927,901,50,9,16,,,,,,Slovenia,1643
4 / 4,979,952,52,10,17,,,,,,Slovenia,1644
4 / 5,1033,1004,53,10,18,,,,,,Slovenia,1645
4 / 6,1089,1058,55,11,19,,,,,,Slovenia,1646
4 / 7,1146,1113,57,12,20,,,,,,Slovenia,1647
4 / 8,1204,1170,58,13,21,,,,,,Slovenia,1648
4 / 9,1265,1228,60,13,23,,,,,,Slovenia,1649
4 / 10,1327,1288,62,14,24,,,,,,Slovenia,1650
4 / 11,1391,1350,63,15,25,,,,,,Slovenia,1651
4 / 12,1456,1413,65,16,27,,,,,,Slovenia,1652
4 / 13,1523,1477,67,17,28,,,,,,Slovenia,1653
4 / 14,1592,1543,68,18,30,,,,,,Slovenia,1654
4 / 15,1662,1611,70,19,32,,,,,,Slovenia,1655
4 / 16,1734,1680,71,20,33,,,,,,Slovenia,1656
4 / 17,1808,1750,73,21,35,,,,,,Slovenia,1657
4 / 18,1883,1822,75,22,37,,,,,,Slovenia,1658
4 / 19,1959,1896,76,23,39,,,,,,Slovenia,1659
4 / 20,2037,1970,78,25,41,,,,,,Slovenia,1660
4 / 21,2117,2046,79,26,44,,,,,,Slovenia,1661
4 / 22,2198,2124,80,27,46,,,,,,Slovenia,1662
4 / 23,2280,2202,82,29,48,,,,,,Slovenia,1663
4 / 24,2364,2282,83,30,51,,,,,,Slovenia,1664
4 / 25,2448,2363,84,32,53,,,,,,Slovenia,1665
