日期,复工指数,缺工指数,省份,序号
2月10日,0.394,0.574,全国,1
2月11日,0.38,0.57,全国,2
2月12日,0.391,0.567,全国,3
2月13日,0.399,0.562,全国,4
2月14日,0.396,0.558,全国,5
2月17日,0.445,0.548,全国,6
2月18日,0.458,0.543,全国,7
2月19日,0.473,0.537,全国,8
2月20日,0.494,0.531,全国,9
2月21日,0.518,0.524,全国,10
2月24日,0.61,0.496,全国,11
2月25日,0.61,0.485,全国,12
2月26日,0.619,0.475,全国,13
2月27日,0.62,0.466,全国,14
2月28日,0.632,0.456,全国,15
3月2日,0.709,0.423,全国,16
3月3日,0.706,0.413,全国,17
3月4日,0.711,0.404,全国,18
3月5日,0.732,0.394,全国,19
3月6日,0.743,0.383,全国,20
3月9日,0.77,0.358,全国,21
3月10日,0.793,0.35,全国,22
3月11日,0.805,0.34,全国,23
3月12日,0.803,0.329,全国,24
3月13日,0.818,0.319,全国,25
3月16日,0.858,0.291,全国,26
3月17日,0.862,0.282,全国,27
3月18日,0.868,0.273,全国,28
3月19日,0.871,0.262,全国,29
3月20日,0.894,0.253,全国,30
3月23日,0.913,0.231,全国,31
3月24日,0.911,0.225,全国,32
3月25日,0.914,0.219,全国,33
3月26日,0.896,0.211,全国,34
3月27日,0.911,0.204,全国,35
3月30日,0.92,0.189,全国,36
3月31日,0.91,0.185,全国,37
4月1日,0.918,0.181,全国,38
4月2日,0.909,0.18,全国,39
2月10日,0.213,0.859,新疆维吾尔自治区,40
2月11日,0.2,0.858,新疆维吾尔自治区,41
2月12日,0.186,0.858,新疆维吾尔自治区,42
2月13日,0.18,0.858,新疆维吾尔自治区,43
2月14日,0.178,0.858,新疆维吾尔自治区,44
2月17日,0.172,0.86,新疆维吾尔自治区,45
2月18日,0.165,0.86,新疆维吾尔自治区,46
2月19日,0.159,0.86,新疆维吾尔自治区,47
2月20日,0.16,0.86,新疆维吾尔自治区,48
2月21日,0.162,0.86,新疆维吾尔自治区,49
2月24日,0.177,0.86,新疆维吾尔自治区,50
2月25日,0.18,0.86,新疆维吾尔自治区,51
2月26日,0.193,0.86,新疆维吾尔自治区,52
2月27日,0.199,0.859,新疆维吾尔自治区,53
2月28日,0.198,0.859,新疆维吾尔自治区,54
3月2日,0.219,0.858,新疆维吾尔自治区,55
3月3日,0.223,0.858,新疆维吾尔自治区,56
3月4日,0.241,0.855,新疆维吾尔自治区,57
3月5日,0.337,0.851,新疆维吾尔自治区,58
3月6日,0.401,0.848,新疆维吾尔自治区,59
3月9日,0.673,0.826,新疆维吾尔自治区,60
3月10日,0.729,0.812,新疆维吾尔自治区,61
3月11日,0.77,0.797,新疆维吾尔自治区,62
3月12日,0.801,0.778,新疆维吾尔自治区,63
3月13日,0.834,0.759,新疆维吾尔自治区,64
3月16日,0.933,0.691,新疆维吾尔自治区,65
3月17日,0.945,0.671,新疆维吾尔自治区,66
3月18日,0.958,0.651,新疆维吾尔自治区,67
3月19日,0.969,0.633,新疆维吾尔自治区,68
3月20日,0.974,0.613,新疆维吾尔自治区,69
3月23日,0.995,0.565,新疆维吾尔自治区,70
3月24日,0.99,0.553,新疆维吾尔自治区,71
3月25日,0.997,0.543,新疆维吾尔自治区,72
3月26日,0.996,0.532,新疆维吾尔自治区,73
3月27日,0.999,0.524,新疆维吾尔自治区,74
3月30日,1.0,0.504,新疆维吾尔自治区,75
3月31日,0.978,0.5,新疆维吾尔自治区,76
4月1日,0.977,0.496,新疆维吾尔自治区,77
4月2日,0.973,0.493,新疆维吾尔自治区,78
2月10日,0.461,0.397,四川省,79
2月11日,0.452,0.395,四川省,80
2月12日,0.448,0.393,四川省,81
2月13日,0.456,0.392,四川省,82
2月14日,0.458,0.39,四川省,83
2月17日,0.499,0.381,四川省,84
2月18日,0.509,0.377,四川省,85
2月19日,0.535,0.374,四川省,86
2月20日,0.536,0.37,四川省,87
2月21日,0.583,0.365,四川省,88
2月24日,0.689,0.347,四川省,89
2月25日,0.696,0.341,四川省,90
2月26日,0.703,0.335,四川省,91
2月27日,0.697,0.329,四川省,92
2月28日,0.732,0.322,四川省,93
3月2日,0.757,0.303,四川省,94
3月3日,0.782,0.298,四川省,95
3月4日,0.805,0.293,四川省,96
3月5日,0.802,0.288,四川省,97
3月6日,0.814,0.284,四川省,98
3月9日,0.828,0.274,四川省,99
3月10日,0.83,0.271,四川省,100
3月11日,0.831,0.268,四川省,101
3月12日,0.839,0.264,四川省,102
3月13日,0.849,0.261,四川省,103
3月16日,0.835,0.255,四川省,104
3月17日,0.87,0.253,四川省,105
3月18日,0.868,0.25,四川省,106
3月19日,0.876,0.248,四川省,107
3月20日,0.891,0.247,四川省,108
3月23日,0.899,0.247,四川省,109
3月24日,0.897,0.247,四川省,110
3月25日,0.899,0.247,四川省,111
3月26日,0.897,0.246,四川省,112
3月27日,0.898,0.246,四川省,113
3月30日,0.899,0.252,四川省,114
3月31日,0.909,0.253,四川省,115
4月1日,0.908,0.255,四川省,116
4月2日,0.889,0.257,四川省,117
2月10日,0.556,0.355,云南省,118
2月11日,0.582,0.35,云南省,119
2月12日,0.593,0.346,云南省,120
2月13日,0.604,0.341,云南省,121
2月14日,0.617,0.337,云南省,122
2月17日,0.612,0.324,云南省,123
2月18日,0.614,0.32,云南省,124
2月19日,0.655,0.316,云南省,125
2月20日,0.671,0.312,云南省,126
2月21日,0.697,0.307,云南省,127
2月24日,0.795,0.284,云南省,128
2月25日,0.794,0.272,云南省,129
2月26日,0.804,0.261,云南省,130
2月27日,0.801,0.25,云南省,131
2月28日,0.811,0.239,云南省,132
3月2日,0.892,0.205,云南省,133
3月3日,0.872,0.197,云南省,134
3月4日,0.868,0.189,云南省,135
3月5日,0.879,0.182,云南省,136
3月6日,0.894,0.175,云南省,137
3月9日,0.913,0.157,云南省,138
3月10日,0.896,0.151,云南省,139
3月11日,0.904,0.147,云南省,140
3月12日,0.911,0.141,云南省,141
3月13日,0.925,0.136,云南省,142
3月16日,0.937,0.123,云南省,143
3月17日,0.923,0.12,云南省,144
3月18日,0.92,0.116,云南省,145
3月19日,0.92,0.113,云南省,146
3月20日,0.941,0.111,云南省,147
3月23日,0.94,0.105,云南省,148
3月24日,0.923,0.104,云南省,149
3月25日,0.93,0.102,云南省,150
3月26日,0.934,0.1,云南省,151
3月27日,0.953,0.1,云南省,152
3月30日,0.94,0.099,云南省,153
3月31日,0.939,0.099,云南省,154
4月1日,0.939,0.099,云南省,155
4月2日,0.93,0.102,云南省,156
2月10日,0.494,0.37,广西壮族自治区,157
2月11日,0.488,0.365,广西壮族自治区,158
2月12日,0.501,0.361,广西壮族自治区,159
2月13日,0.525,0.356,广西壮族自治区,160
2月14日,0.541,0.352,广西壮族自治区,161
2月17日,0.557,0.343,广西壮族自治区,162
2月18日,0.567,0.34,广西壮族自治区,163
2月19日,0.572,0.336,广西壮族自治区,164
2月20日,0.591,0.332,广西壮族自治区,165
2月21日,0.627,0.329,广西壮族自治区,166
2月24日,0.734,0.311,广西壮族自治区,167
2月25日,0.733,0.296,广西壮族自治区,168
2月26日,0.747,0.282,广西壮族自治区,169
2月27日,0.76,0.271,广西壮族自治区,170
2月28日,0.766,0.258,广西壮族自治区,171
3月2日,0.808,0.226,广西壮族自治区,172
3月3日,0.766,0.216,广西壮族自治区,173
3月4日,0.694,0.211,广西壮族自治区,174
3月5日,0.795,0.204,广西壮族自治区,175
3月6日,0.788,0.194,广西壮族自治区,176
3月9日,0.868,0.173,广西壮族自治区,177
3月10日,0.855,0.166,广西壮族自治区,178
3月11日,0.847,0.158,广西壮族自治区,179
3月12日,0.838,0.149,广西壮族自治区,180
3月13日,0.861,0.139,广西壮族自治区,181
3月16日,0.852,0.123,广西壮族自治区,182
3月17日,0.821,0.117,广西壮族自治区,183
3月18日,0.84,0.111,广西壮族自治区,184
3月19日,0.839,0.105,广西壮族自治区,185
3月20日,0.881,0.098,广西壮族自治区,186
3月23日,0.903,0.087,广西壮族自治区,187
3月24日,0.89,0.09,广西壮族自治区,188
3月25日,0.876,0.1,广西壮族自治区,189
3月26日,0.904,0.109,广西壮族自治区,190
3月27日,0.904,0.09,广西壮族自治区,191
3月30日,0.873,0.068,广西壮族自治区,192
3月31日,0.878,0.067,广西壮族自治区,193
4月1日,0.895,0.072,广西壮族自治区,194
4月2日,0.872,0.09,广西壮族自治区,195
2月10日,0.659,0.987,西藏自治区,196
2月11日,0.656,0.976,西藏自治区,197
2月12日,0.663,0.963,西藏自治区,198
2月13日,0.674,0.944,西藏自治区,199
2月14日,0.69,0.929,西藏自治区,200
2月17日,0.71,0.862,西藏自治区,201
2月18日,0.705,0.839,西藏自治区,202
2月19日,0.717,0.835,西藏自治区,203
2月20日,0.734,0.81,西藏自治区,204
2月21日,0.762,0.78,西藏自治区,205
2月24日,0.601,0.729,西藏自治区,206
2月25日,0.683,0.719,西藏自治区,207
2月26日,0.722,0.711,西藏自治区,208
2月27日,0.714,0.696,西藏自治区,209
2月28日,0.749,0.683,西藏自治区,210
3月2日,0.801,0.647,西藏自治区,211
3月3日,0.804,0.636,西藏自治区,212
3月4日,0.82,0.621,西藏自治区,213
3月5日,0.825,0.618,西藏自治区,214
3月6日,0.824,0.621,西藏自治区,215
3月9日,0.848,0.586,西藏自治区,216
3月10日,0.842,0.561,西藏自治区,217
3月11日,0.851,0.547,西藏自治区,218
3月12日,0.856,0.533,西藏自治区,219
3月13日,0.863,0.515,西藏自治区,220
3月16日,0.871,0.467,西藏自治区,221
3月17日,0.885,0.45,西藏自治区,222
3月18日,0.898,0.432,西藏自治区,223
3月19日,0.896,0.426,西藏自治区,224
3月20日,0.914,0.418,西藏自治区,225
3月23日,0.935,0.391,西藏自治区,226
3月24日,0.951,0.385,西藏自治区,227
3月25日,0.976,0.377,西藏自治区,228
3月26日,0.978,0.371,西藏自治区,229
3月27日,0.986,0.362,西藏自治区,230
3月30日,1.0,0.345,西藏自治区,231
3月31日,1.0,0.335,西藏自治区,232
4月1日,1.0,0.326,西藏自治区,233
4月2日,0.997,0.316,西藏自治区,234
2月10日,0.382,0.506,河北省,235
2月11日,0.371,0.501,河北省,236
2月12日,0.374,0.501,河北省,237
2月13日,0.381,0.5,河北省,238
2月14日,0.341,0.498,河北省,239
2月17日,0.404,0.503,河北省,240
2月18日,0.412,0.501,河北省,241
2月19日,0.426,0.499,河北省,242
2月20日,0.427,0.496,河北省,243
2月21日,0.452,0.494,河北省,244
2月24日,0.492,0.489,河北省,245
2月25日,0.494,0.485,河北省,246
2月26日,0.515,0.478,河北省,247
2月27日,0.512,0.473,河北省,248
2月28日,0.53,0.468,河北省,249
3月2日,0.617,0.437,河北省,250
3月3日,0.616,0.429,河北省,251
3月4日,0.634,0.42,河北省,252
3月5日,0.647,0.411,河北省,253
3月6日,0.666,0.401,河北省,254
3月9日,0.682,0.358,河北省,255
3月10日,0.725,0.389,河北省,256
3月11日,0.744,0.381,河北省,257
3月12日,0.739,0.367,河北省,258
3月13日,0.765,0.356,河北省,259
3月16日,0.804,0.333,河北省,260
3月17日,0.817,0.321,河北省,261
3月18日,0.828,0.311,河北省,262
3月19日,0.822,0.272,河北省,263
3月20日,0.849,0.268,河北省,264
3月23日,0.879,0.268,河北省,265
3月24日,0.878,0.269,河北省,266
3月25日,0.895,0.269,河北省,267
3月26日,0.816,0.267,河北省,268
3月27日,0.905,0.267,河北省,269
3月30日,0.924,0.268,河北省,270
3月31日,0.916,0.269,河北省,271
4月1日,0.898,0.269,河北省,272
4月2日,0.923,0.271,河北省,273
2月10日,0.222,0.381,湖北省,274
2月11日,0.221,0.381,湖北省,275
2月12日,0.222,0.38,湖北省,276
2月13日,0.229,0.38,湖北省,277
2月14日,0.236,0.379,湖北省,278
2月17日,0.216,0.378,湖北省,279
2月18日,0.209,0.377,湖北省,280
2月19日,0.208,0.377,湖北省,281
2月20日,0.211,0.377,湖北省,282
2月21日,0.212,0.376,湖北省,283
2月24日,0.223,0.374,湖北省,284
2月25日,0.223,0.374,湖北省,285
2月26日,0.22,0.373,湖北省,286
2月27日,0.215,0.373,湖北省,287
2月28日,0.218,0.373,湖北省,288
3月2日,0.237,0.372,湖北省,289
3月3日,0.239,0.371,湖北省,290
3月4日,0.249,0.371,湖北省,291
3月5日,0.256,0.371,湖北省,292
3月6日,0.257,0.371,湖北省,293
3月9日,0.268,0.369,湖北省,294
3月10日,0.293,0.369,湖北省,295
3月11日,0.313,0.369,湖北省,296
3月12日,0.328,0.368,湖北省,297
3月13日,0.345,0.368,湖北省,298
3月16日,0.509,0.365,湖北省,299
3月17日,0.547,0.363,湖北省,300
3月18日,0.574,0.362,湖北省,301
3月19日,0.596,0.36,湖北省,302
3月20日,0.627,0.357,湖北省,303
3月23日,0.658,0.346,湖北省,304
3月24日,0.666,0.341,湖北省,305
3月25日,0.667,0.336,湖北省,306
3月26日,0.665,0.331,湖北省,307
3月27日,0.621,0.326,湖北省,308
3月30日,0.692,0.306,湖北省,309
3月31日,0.663,0.301,湖北省,310
4月1日,0.679,0.295,湖北省,311
4月2日,0.668,0.29,湖北省,312
2月10日,0.584,0.782,青海省,313
2月11日,0.588,0.657,青海省,314
2月12日,0.587,0.597,青海省,315
2月13日,0.585,0.539,青海省,316
2月14日,0.594,0.559,青海省,317
2月17日,0.628,0.266,青海省,318
2月18日,0.633,0.264,青海省,319
2月19日,0.73,0.26,青海省,320
2月20日,0.765,0.256,青海省,321
2月21日,0.831,0.251,青海省,322
2月24日,0.896,0.243,青海省,323
2月25日,0.899,0.239,青海省,324
2月26日,0.915,0.234,青海省,325
2月27日,0.87,0.227,青海省,326
2月28日,0.951,0.218,青海省,327
3月2日,0.953,0.201,青海省,328
3月3日,0.937,0.195,青海省,329
3月4日,0.967,0.19,青海省,330
3月5日,0.968,0.186,青海省,331
3月6日,0.973,0.174,青海省,332
3月9日,0.978,0.165,青海省,333
3月10日,0.981,0.158,青海省,334
3月11日,0.982,0.154,青海省,335
3月12日,0.981,0.147,青海省,336
3月13日,0.986,0.134,青海省,337
3月16日,0.986,0.128,青海省,338
3月17日,0.989,0.122,青海省,339
3月18日,0.99,0.118,青海省,340
3月19日,0.991,0.115,青海省,341
3月20日,0.995,0.109,青海省,342
3月23日,0.995,0.115,青海省,343
3月24日,0.994,0.115,青海省,344
3月25日,0.994,0.113,青海省,345
3月26日,0.996,0.108,青海省,346
3月27日,1.0,0.099,青海省,347
3月30日,1.0,0.107,青海省,348
3月31日,0.996,0.107,青海省,349
4月1日,0.994,0.106,青海省,350
4月2日,0.991,0.105,青海省,351
2月10日,0.231,0.947,浙江省,352
2月11日,0.222,0.945,浙江省,353
2月12日,0.243,0.943,浙江省,354
2月13日,0.262,0.939,浙江省,355
2月14日,0.288,0.935,浙江省,356
2月17日,0.372,0.914,浙江省,357
2月18日,0.406,0.903,浙江省,358
2月19日,0.438,0.888,浙江省,359
2月20日,0.492,0.87,浙江省,360
2月21日,0.527,0.851,浙江省,361
2月24日,0.628,0.78,浙江省,362
2月25日,0.642,0.754,浙江省,363
2月26日,0.634,0.726,浙江省,364
2月27日,0.666,0.702,浙江省,365
2月28日,0.692,0.679,浙江省,366
3月2日,0.774,0.602,浙江省,367
3月3日,0.776,0.576,浙江省,368
3月4日,0.784,0.554,浙江省,369
3月5日,0.814,0.535,浙江省,370
3月6日,0.819,0.514,浙江省,371
3月9日,0.854,0.464,浙江省,372
3月10日,0.875,0.447,浙江省,373
3月11日,0.892,0.432,浙江省,374
3月12日,0.878,0.419,浙江省,375
3月13日,0.899,0.406,浙江省,376
3月16日,0.937,0.374,浙江省,377
3月17日,0.939,0.365,浙江省,378
3月18日,0.949,0.356,浙江省,379
3月19日,0.953,0.347,浙江省,380
3月20日,0.966,0.338,浙江省,381
3月23日,0.976,0.308,浙江省,382
3月24日,0.976,0.3,浙江省,383
3月25日,0.982,0.295,浙江省,384
3月26日,0.984,0.289,浙江省,385
3月27日,0.979,0.284,浙江省,386
3月30日,0.967,0.274,浙江省,387
3月31日,0.956,0.273,浙江省,388
4月1日,0.978,0.272,浙江省,389
4月2日,0.97,0.273,浙江省,390
2月10日,0.376,0.791,广东省,391
2月11日,0.361,0.785,广东省,392
2月12日,0.374,0.779,广东省,393
2月13日,0.364,0.772,广东省,394
2月14日,0.371,0.767,广东省,395
2月17日,0.43,0.745,广东省,396
2月18日,0.442,0.737,广东省,397
2月19日,0.46,0.728,广东省,398
2月20日,0.485,0.716,广东省,399
2月21日,0.515,0.704,广东省,400
2月24日,0.609,0.654,广东省,401
2月25日,0.616,0.634,广东省,402
2月26日,0.632,0.616,广东省,403
2月27日,0.644,0.6,广东省,404
2月28日,0.661,0.583,广东省,405
3月2日,0.742,0.53,广东省,406
3月3日,0.743,0.516,广东省,407
3月4日,0.724,0.503,广东省,408
3月5日,0.751,0.492,广东省,409
3月6日,0.767,0.48,广东省,410
3月9日,0.811,0.453,广东省,411
3月10日,0.817,0.443,广东省,412
3月11日,0.813,0.435,广东省,413
3月12日,0.819,0.427,广东省,414
3月13日,0.834,0.42,广东省,415
3月16日,0.863,0.401,广东省,416
3月17日,0.858,0.395,广东省,417
3月18日,0.844,0.388,广东省,418
3月19日,0.843,0.382,广东省,419
3月20日,0.871,0.378,广东省,420
3月23日,0.9,0.364,广东省,421
3月24日,0.897,0.36,广东省,422
3月25日,0.903,0.357,广东省,423
3月26日,0.902,0.354,广东省,424
3月27日,0.907,0.351,广东省,425
3月30日,0.893,0.347,广东省,426
3月31日,0.88,0.345,广东省,427
4月1日,0.886,0.347,广东省,428
4月2日,0.883,0.355,广东省,429
2月10日,0.419,0.251,安徽省,430
2月11日,0.396,0.248,安徽省,431
2月12日,0.416,0.245,安徽省,432
2月13日,0.426,0.243,安徽省,433
2月14日,0.427,0.24,安徽省,434
2月17日,0.46,0.23,安徽省,435
2月18日,0.472,0.226,安徽省,436
2月19日,0.478,0.223,安徽省,437
2月20日,0.506,0.22,安徽省,438
2月21日,0.525,0.217,安徽省,439
2月24日,0.672,0.203,安徽省,440
2月25日,0.662,0.198,安徽省,441
2月26日,0.662,0.193,安徽省,442
2月27日,0.673,0.189,安徽省,443
2月28日,0.652,0.184,安徽省,444
3月2日,0.76,0.167,安徽省,445
3月3日,0.759,0.163,安徽省,446
3月4日,0.773,0.16,安徽省,447
3月5日,0.782,0.157,安徽省,448
3月6日,0.781,0.154,安徽省,449
3月9日,0.785,0.145,安徽省,450
3月10日,0.821,0.142,安徽省,451
3月11日,0.85,0.139,安徽省,452
3月12日,0.851,0.136,安徽省,453
3月13日,0.834,0.133,安徽省,454
3月16日,0.888,0.124,安徽省,455
3月17日,0.896,0.121,安徽省,456
3月18日,0.903,0.118,安徽省,457
3月19日,0.906,0.115,安徽省,458
3月20日,0.926,0.112,安徽省,459
3月23日,0.929,0.104,安徽省,460
3月24日,0.93,0.103,安徽省,461
3月25日,0.91,0.101,安徽省,462
3月26日,0.874,0.098,安徽省,463
3月27日,0.902,0.095,安徽省,464
3月30日,0.915,0.093,安徽省,465
3月31日,0.895,0.092,安徽省,466
4月1日,0.923,0.092,安徽省,467
4月2日,0.931,0.092,安徽省,468
2月10日,0.409,0.583,福建省,469
2月11日,0.404,0.58,福建省,470
2月12日,0.403,0.577,福建省,471
2月13日,0.417,0.574,福建省,472
2月14日,0.413,0.571,福建省,473
2月17日,0.531,0.56,福建省,474
2月18日,0.555,0.556,福建省,475
2月19日,0.579,0.551,福建省,476
2月20日,0.62,0.545,福建省,477
2月21日,0.656,0.538,福建省,478
2月24日,0.72,0.509,福建省,479
2月25日,0.721,0.499,福建省,480
2月26日,0.726,0.49,福建省,481
2月27日,0.723,0.481,福建省,482
2月28日,0.744,0.473,福建省,483
3月2日,0.778,0.447,福建省,484
3月3日,0.783,0.439,福建省,485
3月4日,0.731,0.432,福建省,486
3月5日,0.775,0.425,福建省,487
3月6日,0.803,0.417,福建省,488
3月9日,0.834,0.399,福建省,489
3月10日,0.832,0.391,福建省,490
3月11日,0.844,0.386,福建省,491
3月12日,0.758,0.38,福建省,492
3月13日,0.847,0.375,福建省,493
3月16日,0.885,0.362,福建省,494
3月17日,0.851,0.359,福建省,495
3月18日,0.846,0.356,福建省,496
3月19日,0.854,0.352,福建省,497
3月20日,0.891,0.349,福建省,498
3月23日,0.885,0.342,福建省,499
3月24日,0.885,0.341,福建省,500
3月25日,0.904,0.34,福建省,501
3月26日,0.898,0.338,福建省,502
3月27日,0.91,0.336,福建省,503
3月30日,0.848,0.332,福建省,504
3月31日,0.874,0.331,福建省,505
4月1日,0.907,0.332,福建省,506
4月2日,0.859,0.334,福建省,507
2月10日,0.46,0.426,辽宁省,508
2月11日,0.452,0.421,辽宁省,509
2月12日,0.463,0.416,辽宁省,510
2月13日,0.472,0.411,辽宁省,511
2月14日,0.457,0.405,辽宁省,512
2月17日,0.494,0.392,辽宁省,513
2月18日,0.518,0.386,辽宁省,514
2月19日,0.531,0.378,辽宁省,515
2月20日,0.555,0.369,辽宁省,516
2月21日,0.522,0.361,辽宁省,517
2月24日,0.74,0.336,辽宁省,518
2月25日,0.711,0.325,辽宁省,519
2月26日,0.725,0.315,辽宁省,520
2月27日,0.734,0.307,辽宁省,521
2月28日,0.719,0.299,辽宁省,522
3月2日,0.796,0.277,辽宁省,523
3月3日,0.741,0.271,辽宁省,524
3月4日,0.736,0.266,辽宁省,525
3月5日,0.781,0.257,辽宁省,526
3月6日,0.786,0.255,辽宁省,527
3月9日,0.77,0.246,辽宁省,528
3月10日,0.819,0.24,辽宁省,529
3月11日,0.822,0.236,辽宁省,530
3月12日,0.815,0.232,辽宁省,531
3月13日,0.836,0.228,辽宁省,532
3月16日,0.851,0.217,辽宁省,533
3月17日,0.86,0.212,辽宁省,534
3月18日,0.859,0.209,辽宁省,535
3月19日,0.857,0.205,辽宁省,536
3月20日,0.875,0.201,辽宁省,537
3月23日,0.907,0.187,辽宁省,538
3月24日,0.907,0.183,辽宁省,539
3月25日,0.903,0.178,辽宁省,540
3月26日,0.865,0.173,辽宁省,541
3月27日,0.926,0.168,辽宁省,542
3月30日,0.936,0.156,辽宁省,543
3月31日,0.928,0.152,辽宁省,544
4月1日,0.934,0.15,辽宁省,545
4月2日,0.928,0.149,辽宁省,546
2月10日,0.335,0.237,江西省,547
2月11日,0.315,0.236,江西省,548
2月12日,0.334,0.235,江西省,549
2月13日,0.339,0.235,江西省,550
2月14日,0.357,0.235,江西省,551
2月17日,0.434,0.23,江西省,552
2月18日,0.485,0.228,江西省,553
2月19日,0.505,0.225,江西省,554
2月20日,0.562,0.222,江西省,555
2月21日,0.579,0.218,江西省,556
2月24日,0.681,0.208,江西省,557
2月25日,0.675,0.205,江西省,558
2月26日,0.674,0.203,江西省,559
2月27日,0.675,0.201,江西省,560
2月28日,0.69,0.198,江西省,561
3月2日,0.735,0.187,江西省,562
3月3日,0.663,0.185,江西省,563
3月4日,0.694,0.182,江西省,564
3月5日,0.734,0.18,江西省,565
3月6日,0.693,0.178,江西省,566
3月9日,0.74,0.168,江西省,567
3月10日,0.787,0.165,江西省,568
3月11日,0.783,0.162,江西省,569
3月12日,0.728,0.158,江西省,570
3月13日,0.78,0.156,江西省,571
3月16日,0.822,0.143,江西省,572
3月17日,0.795,0.139,江西省,573
3月18日,0.827,0.134,江西省,574
3月19日,0.837,0.131,江西省,575
3月20日,0.865,0.128,江西省,576
3月23日,0.855,0.116,江西省,577
3月24日,0.852,0.113,江西省,578
3月25日,0.87,0.11,江西省,579
3月26日,0.857,0.107,江西省,580
3月27日,0.836,0.104,江西省,581
3月30日,0.841,0.095,江西省,582
3月31日,0.82,0.093,江西省,583
4月1日,0.878,0.091,江西省,584
4月2日,0.842,0.09,江西省,585
2月10日,0.449,0.239,贵州省,586
2月11日,0.453,0.237,贵州省,587
2月12日,0.469,0.236,贵州省,588
2月13日,0.491,0.234,贵州省,589
2月14日,0.511,0.232,贵州省,590
2月17日,0.671,0.225,贵州省,591
2月18日,0.681,0.218,贵州省,592
2月19日,0.701,0.21,贵州省,593
2月20日,0.682,0.204,贵州省,594
2月21日,0.704,0.196,贵州省,595
2月24日,0.791,0.168,贵州省,596
2月25日,0.791,0.16,贵州省,597
2月26日,0.799,0.152,贵州省,598
2月27日,0.803,0.143,贵州省,599
2月28日,0.788,0.135,贵州省,600
3月2日,0.852,0.107,贵州省,601
3月3日,0.821,0.1,贵州省,602
3月4日,0.833,0.094,贵州省,603
3月5日,0.836,0.088,贵州省,604
3月6日,0.857,0.081,贵州省,605
3月9日,0.874,0.067,贵州省,606
3月10日,0.849,0.062,贵州省,607
3月11日,0.85,0.057,贵州省,608
3月12日,0.863,0.052,贵州省,609
3月13日,0.87,0.047,贵州省,610
3月16日,0.857,0.038,贵州省,611
3月17日,0.84,0.035,贵州省,612
3月18日,0.845,0.031,贵州省,613
3月19日,0.859,0.027,贵州省,614
3月20日,0.882,0.024,贵州省,615
3月23日,0.875,0.019,贵州省,616
3月24日,0.871,0.017,贵州省,617
3月25日,0.875,0.014,贵州省,618
3月26日,0.881,0.012,贵州省,619
3月27日,0.886,0.01,贵州省,620
3月30日,0.864,0.005,贵州省,621
3月31日,0.886,0.005,贵州省,622
4月1日,0.878,0.006,贵州省,623
4月2日,0.857,0.009,贵州省,624
2月10日,0.376,0.631,黑龙江省,625
2月11日,0.362,0.6,黑龙江省,626
2月12日,0.364,0.579,黑龙江省,627
2月13日,0.365,0.565,黑龙江省,628
2月14日,0.363,0.561,黑龙江省,629
2月17日,0.369,0.532,黑龙江省,630
2月18日,0.377,0.518,黑龙江省,631
2月19日,0.38,0.512,黑龙江省,632
2月20日,0.383,0.51,黑龙江省,633
2月21日,0.374,0.519,黑龙江省,634
2月24日,0.433,0.515,黑龙江省,635
2月25日,0.432,0.511,黑龙江省,636
2月26日,0.439,0.517,黑龙江省,637
2月27日,0.445,0.51,黑龙江省,638
2月28日,0.445,0.498,黑龙江省,639
3月2日,0.507,0.411,黑龙江省,640
3月3日,0.501,0.391,黑龙江省,641
3月4日,0.504,0.375,黑龙江省,642
3月5日,0.521,0.361,黑龙江省,643
3月6日,0.531,0.358,黑龙江省,644
3月9日,0.57,0.355,黑龙江省,645
3月10日,0.58,0.353,黑龙江省,646
3月11日,0.611,0.352,黑龙江省,647
3月12日,0.633,0.35,黑龙江省,648
3月13日,0.662,0.349,黑龙江省,649
3月16日,0.725,0.345,黑龙江省,650
3月17日,0.731,0.344,黑龙江省,651
3月18日,0.73,0.343,黑龙江省,652
3月19日,0.733,0.342,黑龙江省,653
3月20日,0.754,0.341,黑龙江省,654
3月23日,0.796,0.337,黑龙江省,655
3月24日,0.799,0.337,黑龙江省,656
3月25日,0.81,0.336,黑龙江省,657
3月26日,0.784,0.335,黑龙江省,658
3月27日,0.822,0.334,黑龙江省,659
3月30日,0.854,0.332,黑龙江省,660
3月31日,0.832,0.332,黑龙江省,661
4月1日,0.847,0.331,黑龙江省,662
4月2日,0.842,0.331,黑龙江省,663
2月10日,0.438,0.442,吉林,664
2月11日,0.435,0.438,吉林,665
2月12日,0.445,0.434,吉林,666
2月13日,0.449,0.431,吉林,667
2月14日,0.449,0.428,吉林,668
2月17日,0.497,0.417,吉林,669
2月18日,0.513,0.413,吉林,670
2月19日,0.536,0.408,吉林,671
2月20日,0.569,0.404,吉林,672
2月21日,0.586,0.401,吉林,673
2月24日,0.698,0.387,吉林,674
2月25日,0.676,0.38,吉林,675
2月26日,0.681,0.376,吉林,676
2月27日,0.687,0.371,吉林,677
2月28日,0.665,0.368,吉林,678
3月2日,0.747,0.356,吉林,679
3月3日,0.731,0.353,吉林,680
3月4日,0.713,0.352,吉林,681
3月5日,0.752,0.349,吉林,682
3月6日,0.765,0.348,吉林,683
3月9日,0.787,0.343,吉林,684
3月10日,0.792,0.339,吉林,685
3月11日,0.812,0.336,吉林,686
3月12日,0.811,0.331,吉林,687
3月13日,0.835,0.329,吉林,688
3月16日,0.863,0.318,吉林,689
3月17日,0.847,0.313,吉林,690
3月18日,0.866,0.31,吉林,691
3月19日,0.855,0.306,吉林,692
3月20日,0.886,0.304,吉林,693
3月23日,0.917,0.291,吉林,694
3月24日,0.915,0.286,吉林,695
3月25日,0.912,0.281,吉林,696
3月26日,0.88,0.276,吉林,697
3月27日,0.928,0.274,吉林,698
3月30日,0.945,0.267,吉林,699
3月31日,0.93,0.264,吉林,700
4月1日,0.94,0.263,吉林,701
4月2日,0.932,0.261,吉林,702
2月10日,0.357,0.568,江苏省,703
2月11日,0.329,0.565,江苏省,704
2月12日,0.365,0.563,江苏省,705
2月13日,0.377,0.56,江苏省,706
2月14日,0.382,0.557,江苏省,707
2月17日,0.426,0.546,江苏省,708
2月18日,0.451,0.539,江苏省,709
2月19日,0.468,0.531,江苏省,710
2月20日,0.511,0.521,江苏省,711
2月21日,0.546,0.508,江苏省,712
2月24日,0.65,0.462,江苏省,713
2月25日,0.644,0.446,江苏省,714
2月26日,0.664,0.431,江苏省,715
2月27日,0.679,0.419,江苏省,716
2月28日,0.657,0.407,江苏省,717
3月2日,0.76,0.371,江苏省,718
3月3日,0.768,0.36,江苏省,719
3月4日,0.777,0.349,江苏省,720
3月5日,0.786,0.341,江苏省,721
3月6日,0.796,0.331,江苏省,722
3月9日,0.8,0.309,江苏省,723
3月10日,0.837,0.301,江苏省,724
3月11日,0.859,0.294,江苏省,725
3月12日,0.868,0.288,江苏省,726
3月13日,0.856,0.281,江苏省,727
3月16日,0.902,0.264,江苏省,728
3月17日,0.911,0.258,江苏省,729
3月18日,0.917,0.254,江苏省,730
3月19日,0.916,0.249,江苏省,731
3月20日,0.928,0.244,江苏省,732
3月23日,0.945,0.232,江苏省,733
3月24日,0.946,0.229,江苏省,734
3月25日,0.936,0.226,江苏省,735
3月26日,0.916,0.223,江苏省,736
3月27日,0.944,0.221,江苏省,737
3月30日,0.952,0.217,江苏省,738
3月31日,0.939,0.215,江苏省,739
4月1日,0.952,0.214,江苏省,740
4月2日,0.95,0.216,江苏省,741
2月10日,0.43,0.387,山西省,742
2月11日,0.413,0.384,山西省,743
2月12日,0.413,0.383,山西省,744
2月13日,0.421,0.344,山西省,745
2月14日,0.411,0.286,山西省,746
2月17日,0.452,0.28,山西省,747
2月18日,0.46,0.278,山西省,748
2月19日,0.475,0.279,山西省,749
2月20日,0.475,0.282,山西省,750
2月21日,0.495,0.283,山西省,751
2月24日,0.567,0.284,山西省,752
2月25日,0.59,0.281,山西省,753
2月26日,0.587,0.279,山西省,754
2月27日,0.535,0.276,山西省,755
2月28日,0.597,0.273,山西省,756
3月2日,0.675,0.26,山西省,757
3月3日,0.691,0.257,山西省,758
3月4日,0.706,0.254,山西省,759
3月5日,0.718,0.251,山西省,760
3月6日,0.74,0.247,山西省,761
3月9日,0.779,0.234,山西省,762
3月10日,0.786,0.23,山西省,763
3月11日,0.801,0.225,山西省,764
3月12日,0.799,0.221,山西省,765
3月13日,0.818,0.218,山西省,766
3月16日,0.863,0.204,山西省,767
3月17日,0.866,0.2,山西省,768
3月18日,0.861,0.196,山西省,769
3月19日,0.876,0.191,山西省,770
3月20日,0.9,0.188,山西省,771
3月23日,0.921,0.175,山西省,772
3月24日,0.919,0.172,山西省,773
3月25日,0.931,0.17,山西省,774
3月26日,0.861,0.165,山西省,775
3月27日,0.925,0.162,山西省,776
3月30日,0.945,0.153,山西省,777
3月31日,0.938,0.151,山西省,778
4月1日,0.868,0.151,山西省,779
4月2日,0.925,0.151,山西省,780
2月10日,0.455,0.385,甘肃省,781
2月11日,0.452,0.382,甘肃省,782
2月12日,0.459,0.379,甘肃省,783
2月13日,0.464,0.375,甘肃省,784
2月14日,0.457,0.37,甘肃省,785
2月17日,0.537,0.352,甘肃省,786
2月18日,0.542,0.345,甘肃省,787
2月19日,0.557,0.338,甘肃省,788
2月20日,0.542,0.33,甘肃省,789
2月21日,0.609,0.324,甘肃省,790
2月24日,0.798,0.299,甘肃省,791
2月25日,0.785,0.29,甘肃省,792
2月26日,0.786,0.279,甘肃省,793
2月27日,0.729,0.27,甘肃省,794
2月28日,0.808,0.261,甘肃省,795
3月2日,0.862,0.229,甘肃省,796
3月3日,0.861,0.22,甘肃省,797
3月4日,0.868,0.212,甘肃省,798
3月5日,0.863,0.204,甘肃省,799
3月6日,0.881,0.197,甘肃省,800
3月9日,0.888,0.178,甘肃省,801
3月10日,0.897,0.171,甘肃省,802
3月11日,0.897,0.165,甘肃省,803
3月12日,0.894,0.157,甘肃省,804
3月13日,0.917,0.149,甘肃省,805
3月16日,0.917,0.12,甘肃省,806
3月17日,0.931,0.111,甘肃省,807
3月18日,0.927,0.102,甘肃省,808
3月19日,0.932,0.092,甘肃省,809
3月20日,0.949,0.084,甘肃省,810
3月23日,0.956,0.061,甘肃省,811
3月24日,0.949,0.056,甘肃省,812
3月25日,0.948,0.056,甘肃省,813
3月26日,0.913,0.056,甘肃省,814
3月27日,0.954,0.056,甘肃省,815
3月30日,0.956,0.056,甘肃省,816
3月31日,0.958,0.056,甘肃省,817
4月1日,0.926,0.056,甘肃省,818
4月2日,0.921,0.056,甘肃省,819
2月10日,0.438,0.601,山东省,820
2月11日,0.43,0.597,山东省,821
2月12日,0.438,0.594,山东省,822
2月13日,0.458,0.59,山东省,823
2月14日,0.437,0.588,山东省,824
2月17日,0.47,0.581,山东省,825
2月18日,0.494,0.577,山东省,826
2月19日,0.511,0.573,山东省,827
2月20日,0.531,0.57,山东省,828
2月21日,0.542,0.566,山东省,829
2月24日,0.585,0.544,山东省,830
2月25日,0.584,0.521,山东省,831
2月26日,0.612,0.508,山东省,832
2月27日,0.616,0.5,山东省,833
2月28日,0.604,0.481,山东省,834
3月2日,0.722,0.433,山东省,835
3月3日,0.73,0.427,山东省,836
3月4日,0.743,0.421,山东省,837
3月5日,0.756,0.414,山东省,838
3月6日,0.772,0.406,山东省,839
3月9日,0.789,0.387,山东省,840
3月10日,0.818,0.379,山东省,841
3月11日,0.836,0.372,山东省,842
3月12日,0.845,0.365,山东省,843
3月13日,0.844,0.357,山东省,844
3月16日,0.88,0.339,山东省,845
3月17日,0.893,0.333,山东省,846
3月18日,0.9,0.328,山东省,847
3月19日,0.895,0.322,山东省,848
3月20日,0.912,0.315,山东省,849
3月23日,0.935,0.303,山东省,850
3月24日,0.93,0.299,山东省,851
3月25日,0.93,0.296,山东省,852
3月26日,0.901,0.292,山东省,853
3月27日,0.929,0.288,山东省,854
3月30日,0.951,0.282,山东省,855
3月31日,0.942,0.28,山东省,856
4月1日,0.943,0.279,山东省,857
4月2日,0.933,0.28,山东省,858
2月10日,0.384,0.974,上海,859
2月11日,0.336,0.96,上海,860
2月12日,0.352,0.949,上海,861
2月13日,0.358,0.939,上海,862
2月14日,0.365,0.931,上海,863
2月17日,0.418,0.911,上海,864
2月18日,0.415,0.902,上海,865
2月19日,0.423,0.894,上海,866
2月20日,0.441,0.885,上海,867
2月21日,0.456,0.875,上海,868
2月24日,0.564,0.841,上海,869
2月25日,0.562,0.828,上海,870
2月26日,0.563,0.816,上海,871
2月27日,0.577,0.804,上海,872
2月28日,0.58,0.794,上海,873
3月2日,0.67,0.757,上海,874
3月3日,0.67,0.746,上海,875
3月4日,0.672,0.737,上海,876
3月5日,0.681,0.728,上海,877
3月6日,0.691,0.719,上海,878
3月9日,0.727,0.695,上海,879
3月10日,0.747,0.686,上海,880
3月11日,0.756,0.679,上海,881
3月12日,0.759,0.671,上海,882
3月13日,0.761,0.664,上海,883
3月16日,0.822,0.643,上海,884
3月17日,0.824,0.636,上海,885
3月18日,0.832,0.63,上海,886
3月19日,0.834,0.623,上海,887
3月20日,0.847,0.618,上海,888
3月23日,0.874,0.602,上海,889
3月24日,0.874,0.598,上海,890
3月25日,0.878,0.595,上海,891
3月26日,0.872,0.59,上海,892
3月27日,0.873,0.588,上海,893
3月30日,0.876,0.583,上海,894
3月31日,0.854,0.581,上海,895
4月1日,0.866,0.582,上海,896
4月2日,0.856,0.587,上海,897
2月10日,0.369,0.349,陕西省,898
2月11日,0.36,0.349,陕西省,899
2月12日,0.365,0.349,陕西省,900
2月13日,0.371,0.349,陕西省,901
2月14日,0.357,0.349,陕西省,902
2月17日,0.407,0.349,陕西省,903
2月18日,0.408,0.349,陕西省,904
2月19日,0.419,0.349,陕西省,905
2月20日,0.403,0.349,陕西省,906
2月21日,0.443,0.349,陕西省,907
2月24日,0.564,0.342,陕西省,908
2月25日,0.579,0.339,陕西省,909
2月26日,0.589,0.334,陕西省,910
2月27日,0.531,0.329,陕西省,911
2月28日,0.622,0.324,陕西省,912
3月2日,0.703,0.294,陕西省,913
3月3日,0.749,0.281,陕西省,914
3月4日,0.769,0.267,陕西省,915
3月5日,0.775,0.254,陕西省,916
3月6日,0.8,0.243,陕西省,917
3月9日,0.827,0.214,陕西省,918
3月10日,0.835,0.206,陕西省,919
3月11日,0.844,0.2,陕西省,920
3月12日,0.84,0.192,陕西省,921
3月13日,0.866,0.186,陕西省,922
3月16日,0.89,0.171,陕西省,923
3月17日,0.897,0.166,陕西省,924
3月18日,0.892,0.162,陕西省,925
3月19日,0.899,0.158,陕西省,926
3月20日,0.92,0.155,陕西省,927
3月23日,0.925,0.149,陕西省,928
3月24日,0.923,0.148,陕西省,929
3月25日,0.931,0.146,陕西省,930
3月26日,0.902,0.143,陕西省,931
3月27日,0.895,0.141,陕西省,932
3月30日,0.929,0.139,陕西省,933
3月31日,0.929,0.139,陕西省,934
4月1日,0.91,0.14,陕西省,935
4月2日,0.875,0.141,陕西省,936
2月10日,0.329,0.221,河南省,937
2月11日,0.324,0.219,河南省,938
2月12日,0.328,0.217,河南省,939
2月13日,0.332,0.215,河南省,940
2月14日,0.321,0.213,河南省,941
2月17日,0.353,0.205,河南省,942
2月18日,0.358,0.202,河南省,943
2月19日,0.369,0.198,河南省,944
2月20日,0.383,0.195,河南省,945
2月21日,0.426,0.192,河南省,946
2月24日,0.528,0.179,河南省,947
2月25日,0.526,0.174,河南省,948
2月26日,0.514,0.169,河南省,949
2月27日,0.476,0.165,河南省,950
2月28日,0.532,0.16,河南省,951
3月2日,0.643,0.145,河南省,952
3月3日,0.66,0.14,河南省,953
3月4日,0.666,0.135,河南省,954
3月5日,0.684,0.131,河南省,955
3月6日,0.699,0.126,河南省,956
3月9日,0.685,0.112,河南省,957
3月10日,0.756,0.107,河南省,958
3月11日,0.779,0.102,河南省,959
3月12日,0.78,0.098,河南省,960
3月13日,0.759,0.096,河南省,961
3月16日,0.811,0.091,河南省,962
3月17日,0.828,0.089,河南省,963
3月18日,0.834,0.087,河南省,964
3月19日,0.841,0.084,河南省,965
3月20日,0.858,0.082,河南省,966
3月23日,0.884,0.072,河南省,967
3月24日,0.883,0.069,河南省,968
3月25日,0.863,0.066,河南省,969
3月26日,0.825,0.062,河南省,970
3月27日,0.845,0.059,河南省,971
3月30日,0.881,0.053,河南省,972
3月31日,0.869,0.05,河南省,973
4月1日,0.858,0.048,河南省,974
4月2日,0.852,0.047,河南省,975
2月10日,0.552,0.283,湖南省,976
2月11日,0.529,0.278,湖南省,977
2月12日,0.548,0.275,湖南省,978
2月13日,0.555,0.273,湖南省,979
2月14日,0.558,0.272,湖南省,980
2月17日,0.58,0.264,湖南省,981
2月18日,0.583,0.262,湖南省,982
2月19日,0.586,0.258,湖南省,983
2月20日,0.628,0.255,湖南省,984
2月21日,0.626,0.251,湖南省,985
2月24日,0.753,0.231,湖南省,986
2月25日,0.737,0.225,湖南省,987
2月26日,0.733,0.218,湖南省,988
2月27日,0.717,0.213,湖南省,989
2月28日,0.715,0.208,湖南省,990
3月2日,0.762,0.191,湖南省,991
3月3日,0.716,0.187,湖南省,992
3月4日,0.758,0.183,湖南省,993
3月5日,0.785,0.178,湖南省,994
3月6日,0.769,0.175,湖南省,995
3月9日,0.786,0.164,湖南省,996
3月10日,0.832,0.161,湖南省,997
3月11日,0.816,0.157,湖南省,998
3月12日,0.804,0.154,湖南省,999
3月13日,0.826,0.152,湖南省,1000
3月16日,0.853,0.143,湖南省,1001
3月17日,0.833,0.14,湖南省,1002
3月18日,0.855,0.136,湖南省,1003
3月19日,0.867,0.133,湖南省,1004
3月20日,0.89,0.131,湖南省,1005
3月23日,0.888,0.123,湖南省,1006
3月24日,0.883,0.122,湖南省,1007
3月25日,0.898,0.119,湖南省,1008
3月26日,0.901,0.116,湖南省,1009
3月27日,0.854,0.115,湖南省,1010
3月30日,0.881,0.112,湖南省,1011
3月31日,0.891,0.111,湖南省,1012
4月1日,0.922,0.112,湖南省,1013
4月2日,0.894,0.116,湖南省,1014
2月10日,0.429,0.502,宁夏回族自治区,1015
2月11日,0.419,0.497,宁夏回族自治区,1016
2月12日,0.422,0.492,宁夏回族自治区,1017
2月13日,0.413,0.488,宁夏回族自治区,1018
2月14日,0.404,0.484,宁夏回族自治区,1019
2月17日,0.437,0.469,宁夏回族自治区,1020
2月18日,0.433,0.464,宁夏回族自治区,1021
2月19日,0.44,0.458,宁夏回族自治区,1022
2月20日,0.43,0.454,宁夏回族自治区,1023
2月21日,0.454,0.449,宁夏回族自治区,1024
2月24日,0.514,0.438,宁夏回族自治区,1025
2月25日,0.532,0.433,宁夏回族自治区,1026
2月26日,0.553,0.426,宁夏回族自治区,1027
2月27日,0.555,0.419,宁夏回族自治区,1028
2月28日,0.6,0.414,宁夏回族自治区,1029
3月2日,0.652,0.388,宁夏回族自治区,1030
3月3日,0.653,0.382,宁夏回族自治区,1031
3月4日,0.661,0.376,宁夏回族自治区,1032
3月5日,0.673,0.375,宁夏回族自治区,1033
3月6日,0.69,0.37,宁夏回族自治区,1034
3月9日,0.712,0.362,宁夏回族自治区,1035
3月10日,0.736,0.358,宁夏回族自治区,1036
3月11日,0.75,0.355,宁夏回族自治区,1037
3月12日,0.747,0.351,宁夏回族自治区,1038
3月13日,0.785,0.346,宁夏回族自治区,1039
3月16日,0.843,0.333,宁夏回族自治区,1040
3月17日,0.86,0.327,宁夏回族自治区,1041
3月18日,0.856,0.319,宁夏回族自治区,1042
3月19日,0.882,0.311,宁夏回族自治区,1043
3月20日,0.909,0.301,宁夏回族自治区,1044
3月23日,0.92,0.28,宁夏回族自治区,1045
3月24日,0.93,0.274,宁夏回族自治区,1046
3月25日,0.926,0.266,宁夏回族自治区,1047
3月26日,0.923,0.259,宁夏回族自治区,1048
3月27日,0.958,0.252,宁夏回族自治区,1049
3月30日,0.967,0.247,宁夏回族自治区,1050
3月31日,0.946,0.243,宁夏回族自治区,1051
4月1日,0.943,0.24,宁夏回族自治区,1052
4月2日,0.951,0.239,宁夏回族自治区,1053
2月10日,0.356,0.0,重庆,1054
2月11日,0.346,0.0,重庆,1055
2月12日,0.347,0.0,重庆,1056
2月13日,0.348,0.0,重庆,1057
2月14日,0.347,0.0,重庆,1058
2月17日,0.365,0.0,重庆,1059
2月18日,0.362,0.0,重庆,1060
2月19日,0.378,0.0,重庆,1061
2月20日,0.388,0.0,重庆,1062
2月21日,0.417,0.0,重庆,1063
2月24日,0.517,0.0,重庆,1064
2月25日,0.527,0.0,重庆,1065
2月26日,0.534,0.0,重庆,1066
2月27日,0.532,0.0,重庆,1067
2月28日,0.55,0.0,重庆,1068
3月2日,0.61,0.0,重庆,1069
3月3日,0.608,0.0,重庆,1070
3月4日,0.631,0.0,重庆,1071
3月5日,0.654,0.0,重庆,1072
3月6日,0.672,0.0,重庆,1073
3月9日,0.706,0.0,重庆,1074
3月10日,0.726,0.0,重庆,1075
3月11日,0.721,0.0,重庆,1076
3月12日,0.745,0.0,重庆,1077
3月13日,0.754,0.0,重庆,1078
3月16日,0.796,0.0,重庆,1079
3月17日,0.804,0.0,重庆,1080
3月18日,0.819,0.0,重庆,1081
3月19日,0.825,0.0,重庆,1082
3月20日,0.843,0.0,重庆,1083
3月23日,0.855,0.0,重庆,1084
3月24日,0.854,0.0,重庆,1085
3月25日,0.859,0.0,重庆,1086
3月26日,0.864,0.0,重庆,1087
3月27日,0.845,0.0,重庆,1088
3月30日,0.862,0.0,重庆,1089
3月31日,0.854,0.0,重庆,1090
4月1日,0.858,0.0,重庆,1091
4月2日,0.848,0.0,重庆,1092
2月10日,0.431,0.469,海南,1093
2月11日,0.42,0.467,海南,1094
2月12日,0.429,0.466,海南,1095
2月13日,0.419,0.465,海南,1096
2月14日,0.44,0.464,海南,1097
2月17日,0.434,0.459,海南,1098
2月18日,0.443,0.457,海南,1099
2月19日,0.466,0.456,海南,1100
2月20日,0.485,0.453,海南,1101
2月21日,0.502,0.452,海南,1102
2月24日,0.573,0.442,海南,1103
2月25日,0.576,0.437,海南,1104
2月26日,0.588,0.432,海南,1105
2月27日,0.596,0.428,海南,1106
2月28日,0.605,0.424,海南,1107
3月2日,0.682,0.396,海南,1108
3月3日,0.686,0.387,海南,1109
3月4日,0.678,0.379,海南,1110
3月5日,0.662,0.374,海南,1111
3月6日,0.696,0.37,海南,1112
3月9日,0.753,0.354,海南,1113
3月10日,0.741,0.344,海南,1114
3月11日,0.752,0.337,海南,1115
3月12日,0.771,0.331,海南,1116
3月13日,0.785,0.328,海南,1117
3月16日,0.791,0.316,海南,1118
3月17日,0.806,0.311,海南,1119
3月18日,0.81,0.307,海南,1120
3月19日,0.814,0.304,海南,1121
3月20日,0.828,0.303,海南,1122
3月23日,0.847,0.301,海南,1123
3月24日,0.845,0.299,海南,1124
3月25日,0.853,0.3,海南,1125
3月26日,0.853,0.299,海南,1126
3月27日,0.863,0.302,海南,1127
3月30日,0.869,0.319,海南,1128
3月31日,0.866,0.324,海南,1129
4月1日,0.869,0.336,海南,1130
4月2日,0.857,0.35,海南,1131
2月10日,0.427,0.715,内蒙古自治区,1132
2月11日,0.418,0.702,内蒙古自治区,1133
2月12日,0.419,0.692,内蒙古自治区,1134
2月13日,0.416,0.682,内蒙古自治区,1135
2月14日,0.403,0.673,内蒙古自治区,1136
2月17日,0.44,0.653,内蒙古自治区,1137
2月18日,0.444,0.642,内蒙古自治区,1138
2月19日,0.451,0.63,内蒙古自治区,1139
2月20日,0.452,0.618,内蒙古自治区,1140
2月21日,0.466,0.608,内蒙古自治区,1141
2月24日,0.588,0.585,内蒙古自治区,1142
2月25日,0.597,0.576,内蒙古自治区,1143
2月26日,0.621,0.568,内蒙古自治区,1144
2月27日,0.634,0.561,内蒙古自治区,1145
2月28日,0.659,0.552,内蒙古自治区,1146
3月2日,0.722,0.528,内蒙古自治区,1147
3月3日,0.703,0.521,内蒙古自治区,1148
3月4日,0.723,0.513,内蒙古自治区,1149
3月5日,0.742,0.507,内蒙古自治区,1150
3月6日,0.754,0.499,内蒙古自治区,1151
3月9日,0.787,0.492,内蒙古自治区,1152
3月10日,0.793,0.484,内蒙古自治区,1153
3月11日,0.805,0.478,内蒙古自治区,1154
3月12日,0.802,0.472,内蒙古自治区,1155
3月13日,0.826,0.464,内蒙古自治区,1156
3月16日,0.856,0.452,内蒙古自治区,1157
3月17日,0.857,0.449,内蒙古自治区,1158
3月18日,0.85,0.445,内蒙古自治区,1159
3月19日,0.872,0.44,内蒙古自治区,1160
3月20日,0.906,0.432,内蒙古自治区,1161
3月23日,0.933,0.422,内蒙古自治区,1162
3月24日,0.929,0.419,内蒙古自治区,1163
3月25日,0.928,0.415,内蒙古自治区,1164
3月26日,0.915,0.414,内蒙古自治区,1165
3月27日,0.946,0.405,内蒙古自治区,1166
3月30日,0.966,0.398,内蒙古自治区,1167
3月31日,0.947,0.399,内蒙古自治区,1168
4月1日,0.955,0.401,内蒙古自治区,1169
4月2日,0.955,0.406,内蒙古自治区,1170
2月10日,0.317,0.992,天津,1171
2月11日,0.306,0.985,天津,1172
2月12日,0.308,0.979,天津,1173
2月13日,0.316,0.973,天津,1174
2月14日,0.274,0.969,天津,1175
2月17日,0.353,0.957,天津,1176
2月18日,0.361,0.949,天津,1177
2月19日,0.365,0.94,天津,1178
2月20日,0.371,0.931,天津,1179
2月21日,0.389,0.921,天津,1180
2月24日,0.453,0.89,天津,1181
2月25日,0.451,0.877,天津,1182
2月26日,0.474,0.864,天津,1183
2月27日,0.479,0.853,天津,1184
2月28日,0.491,0.841,天津,1185
3月2日,0.568,0.8,天津,1186
3月3日,0.56,0.788,天津,1187
3月4日,0.574,0.777,天津,1188
3月5日,0.584,0.766,天津,1189
3月6日,0.599,0.754,天津,1190
3月9日,0.611,0.725,天津,1191
3月10日,0.653,0.714,天津,1192
3月11日,0.667,0.705,天津,1193
3月12日,0.672,0.694,天津,1194
3月13日,0.692,0.684,天津,1195
3月16日,0.739,0.652,天津,1196
3月17日,0.747,0.64,天津,1197
3月18日,0.758,0.629,天津,1198
3月19日,0.748,0.619,天津,1199
3月20日,0.783,0.608,天津,1200
3月23日,0.815,0.577,天津,1201
3月24日,0.815,0.568,天津,1202
3月25日,0.829,0.559,天津,1203
3月26日,0.792,0.55,天津,1204
3月27日,0.845,0.541,天津,1205
3月30日,0.868,0.52,天津,1206
3月31日,0.842,0.514,天津,1207
4月1日,0.847,0.508,天津,1208
4月2日,0.846,0.505,天津,1209
2月10日,0.35,0.976,北京,1210
2月11日,0.325,0.963,北京,1211
2月12日,0.326,0.953,北京,1212
2月13日,0.336,0.943,北京,1213
2月14日,0.29,0.937,北京,1214
2月17日,0.389,0.909,北京,1215
2月18日,0.378,0.899,北京,1216
2月19日,0.376,0.89,北京,1217
2月20日,0.375,0.88,北京,1218
2月21日,0.384,0.874,北京,1219
2月24日,0.429,0.846,北京,1220
2月25日,0.417,0.837,北京,1221
2月26日,0.426,0.829,北京,1222
2月27日,0.422,0.821,北京,1223
2月28日,0.435,0.815,北京,1224
3月2日,0.493,0.792,北京,1225
3月3日,0.472,0.786,北京,1226
3月4日,0.483,0.78,北京,1227
3月5日,0.483,0.774,北京,1228
3月6日,0.49,0.769,北京,1229
3月9日,0.526,0.753,北京,1230
3月10日,0.525,0.746,北京,1231
3月11日,0.533,0.74,北京,1232
3月12日,0.528,0.733,北京,1233
3月13日,0.545,0.728,北京,1234
3月16日,0.576,0.707,北京,1235
3月17日,0.574,0.7,北京,1236
3月18日,0.574,0.695,北京,1237
3月19日,0.571,0.687,北京,1238
3月20日,0.594,0.682,北京,1239
3月23日,0.62,0.663,北京,1240
3月24日,0.614,0.657,北京,1241
3月25日,0.623,0.651,北京,1242
3月26日,0.595,0.645,北京,1243
3月27日,0.63,0.64,北京,1244
3月30日,0.658,0.621,北京,1245
3月31日,0.632,0.614,北京,1246
4月1日,0.642,0.607,北京,1247
4月2日,0.637,0.601,北京,1248
