Date,Predict_confirm,Predict_actual,Dailynew_confirm,Dailynew_actual,Remove,Dailynew_remove,Remain_confirm,Confirm_interval_down,Confirm_interval_up,Actual_interval_down,Actual_interval_up,ADate,Official_confirmed,Official_cure,Official_dailynew,Official_remove
2020/03/10,267.0,934.5,0.0,0.0,1.0,0.0,266.0,235.0,299.0,875.0,995.0,2020-03-10,267.0,1.0,0.0,1.0
2020/03/11,439.8420800592759,966.4501373297752,172.84208005927587,31.950137329775202,10.39760531357707,9.39760531357707,429.4444747456988,399.0,481.0,906.0,1028.0,2020-03-11,314.0,1.0,47.0,4.0
2020/03/12,584.3447942799846,1052.8327412004505,144.50271422070875,86.38260387067533,23.678258283836378,13.280652970259307,560.6665359961482,538.0,632.0,990.0,1117.0,2020-03-12,399.0,1.0,85.0,4.0
2020/03/13,720.3386120944886,1185.5310102157061,135.99381781450393,132.69826901525562,40.27260858141079,16.594350297574415,680.0660035130777,668.0,773.0,1119.0,1253.0,2020-03-13,556.0,1.0,157.0,4.0
2020/03/14,861.3693555749581,1362.2443693384428,141.0307434804696,176.71335912273662,60.05841808064287,19.78580949923208,801.3109374943152,804.0,919.0,1290.0,1435.0,2020-03-14,689.0,1.0,133.0,5.0
2020/03/15,1017.5027710314445,1584.583004318512,156.13341545648632,222.33863498006917,83.22315918005789,23.164741099415018,934.2796118513866,955.0,1081.0,1507.0,1663.0,2020-03-15,886.0,1.0,197.0,5.0
2020/03/16,1197.0414301824494,1856.9324610413173,179.53865915100494,272.34945672280537,110.18861942400235,26.965460243944463,1086.852810758447,1130.0,1265.0,1773.0,1942.0,2020-03-16,1085.0,1.0,199.0,5.0
2020/03/17,1407.5816063226487,2185.7712587130595,210.54017614019926,328.8387976717422,141.57332701146433,31.384707587461975,1266.0082793111844,1335.0,1482.0,2094.0,2278.0,2020-03-17,1243.0,1.0,158.0,11.0
2020/03/18,1656.6636849376168,2579.2324986419917,249.08207861496817,393.4612399289322,178.17804526996616,36.60471825850183,1478.4856396676507,1577.0,1737.0,2480.0,2679.0,2020-03-18,1486.0,1.0,243.0,15.0
2020/03/19,1952.1615265506377,3046.7666563565726,295.4978416130209,467.53415771458094,220.98511669048187,42.80707142051571,1731.176409860156,1866.0,2039.0,2939.0,3156.0,2020-03-19,1795.0,31.0,309.0,45.0
2020/03/20,2302.4884186220293,3598.8009948260487,350.3268920713915,552.0343384694761,271.16555019042823,50.18043349994636,2031.322868431601,2209.0,2397.0,3482.0,3717.0,2020-03-20,2257.0,31.0,462.0,68.0
2020/03/21,2716.6540175227688,4246.312705261378,414.1655989007395,647.5117104353294,330.0893402035772,58.92379001314896,2386.5646773191916,2615.0,2819.0,4119.0,4375.0,2020-03-21,2815.0,31.0,558.0,98.0
2020/03/22,3204.178816482587,5000.247202782743,487.5247989598183,753.9344975213653,399.3351364529408,69.2457962493636,2804.8436800296463,3093.0,3315.0,4862.0,5139.0,2020-03-22,3401.0,263.0,586.0,338.0
2020/03/23,3774.85547900027,5870.728170976534,570.6766625176829,870.4809681937904,480.6954099205598,81.36027346761904,3294.16006907971,3655.0,3896.0,5721.0,6022.0,2020-03-23,3743.0,401.0,342.0,489.0
2020/03/24,4438.338398761776,6866.029656341239,663.4829197615063,995.3014853647055,576.1729523367147,95.4775424161549,3862.1654464250614,4308.0,4570.0,6704.0,7029.0,2020-03-24,4269.0,461.0,526.0,583.0
2020/03/25,5203.544910436968,7991.319954215455,765.2065116751919,1125.2902978742159,687.964172753961,111.79122041724622,4515.580737683007,5063.0,5345.0,7817.0,8167.0,2020-03-25,4937.0,547.0,668.0,725.0
2020/03/26,6077.865758806785,9247.246496520722,874.3208483698172,1255.9265423052666,818.4244900893854,130.4603173354244,5259.4412687174,5926.0,6231.0,9059.0,9436.0,2020-03-26,6235.0,675.0,1298.0,895.0
2020/03/27,7284.0,10846.298285537987,1206.1342411932146,1599.051789017265,1147.0,328.57550991061464,6137.0,7117.0,7452.0,10643.0,11051.0,2020-03-27,7284.0,858.0,1049.0,1147.0
2020/03/28,8394.18020300783,12387.455237939019,1110.1802030078306,1541.156952401032,1323.3271002868942,176.32710028689417,7070.8531027209365,8215.0,8574.0,12170.0,12606.0,,,,,
2020/03/29,9625.971969644797,14014.365528152692,1231.7917666369667,1626.9102902136729,1525.9239506820898,202.5968503951956,8100.048018962708,9434.0,9819.0,13783.0,14247.0,,,,,
2020/03/30,10966.75832422364,15699.521549187033,1340.7863545788423,1685.1560210343414,1757.148210088025,231.2242594059353,9209.610114135614,10762.0,11172.0,15454.0,15946.0,,,,,
2020/03/31,12399.103125477457,17408.088434858004,1432.3448012538174,1708.5668856709708,2018.9002546873314,261.7520445993064,10380.202870790126,12181.0,12618.0,17150.0,17667.0,,,,,
2020/04/01,13900.480619494572,19100.79871526816,1501.3774940171152,1692.710280410156,2312.5024941751835,293.6022394878521,11587.978125319389,13669.0,14132.0,18831.0,19372.0,,,,,
2020/04/02,15443.915016450195,20737.57802657984,1543.434396955623,1636.7793113116786,2638.5868992679843,326.0844050928008,12805.328117182211,15201.0,15688.0,20457.0,21020.0,,,,,
2020/04/03,16999.426413376223,22281.421110888325,1555.5113969260274,1543.8430843084861,2997.0133994086386,358.4265001406543,14002.413013967584,16745.0,17256.0,21990.0,22575.0,,,,,
2020/04/04,18536.05515185706,23701.862002453407,1536.6287384808384,1420.440891565082,3386.8368921115875,389.8234927029489,15149.218259745474,18271.0,18803.0,23400.0,24004.0,,,,,
2020/04/05,20024.128870615285,24977.42070600538,1488.0737187582235,1275.5587035519748,3806.3325470744967,419.49565496290916,16217.796323540788,19747.0,20302.0,24669.0,25288.0,,,,,
2020/04/06,21437.392296215385,26096.645991289162,1413.2634256001002,1119.225285283781,4253.079260539899,446.74671346540254,17184.313035675485,21151.0,21725.0,25780.0,26413.0,,,,,
2020/04/07,22754.66594167344,27057.72480275871,1317.2736454580554,961.078811469546,4724.0914725816565,471.01221204175727,18030.574469091785,22459.0,23051.0,26735.0,27380.0,,,,,
2020/04/08,23960.822272993795,27866.951812946678,1206.156331320355,809.2270101879694,5215.982516363652,491.8910437819959,18744.839756630143,23658.0,24265.0,27540.0,28195.0,,,,,
2020/04/09,25047.02534220051,28536.54311240081,1086.2030692067165,669.5912994541322,5725.139598315249,509.1570819515964,19321.885743885265,24737.0,25357.0,28207.0,28868.0,,,,,
2020/04/10,26010.323061429248,29082.299281968746,963.2977192287362,545.756169567936,6247.891583785231,522.7519854699822,19762.431477644015,25694.0,26327.0,28749.0,29418.0,,,,,
2020/04/11,26852.774449566277,29521.51221607947,842.4513881370294,439.21293411072475,6780.654979398119,532.7633956128884,20072.11947016816,26533.0,27175.0,29185.0,29859.0,,,,,
2020/04/12,27580.325901263506,29871.340260948036,727.5514516972289,349.8280448685655,7320.0492501014605,539.3942707033411,20260.276651162047,27256.0,27907.0,29534.0,30210.0,,,,,
2020/04/13,28201.631017333326,30147.715352076957,621.3051160698196,276.37509112892076,7862.978320589348,542.9290704878877,20338.65269674398,27873.0,28532.0,29808.0,30489.0,,,,,
2020/04/14,28726.958901952865,30364.732608801427,525.327884619539,217.01725672446992,8406.679711612882,543.7013910235337,20320.279190339985,28396.0,29060.0,30023.0,30707.0,,,,,
2020/04/15,29167.277642252655,30534.415667160087,440.3187402997901,169.68305835865976,8948.745771580154,542.0660599672719,20218.5318706725,28833.0,29502.0,30193.0,30877.0,,,,,
2020/04/16,29533.547947538504,30666.738522042295,366.27030528584874,132.32285488220805,9487.122927260312,538.3771556801585,20046.42502027819,29197.0,29871.0,30324.0,31010.0,,,,,
2020/04/17,29836.22432922674,30769.7990041446,302.6763816882376,103.06048210230438,10020.095104025728,532.9721767654155,19816.129225201013,29499.0,30175.0,30426.0,31114.0,,,,,
2020/04/18,30084.93839222393,30850.064438284568,248.71406299718728,80.26543413996842,10546.256909776785,526.1618057510568,19538.681482447144,29746.0,30426.0,30506.0,31194.0,,,,,
2020/04/19,30288.328631679098,30912.63618166406,203.39023945516965,62.571743379492546,11064.481194568607,518.2242847918224,19223.84743711049,29948.0,30630.0,30569.0,31258.0,,,,,
2020/04/20,30453.979641539794,30961.50138639177,165.65100986069592,48.86520472771008,11573.884504493848,509.40330992524105,18880.095137045944,30111.0,30796.0,30617.0,31306.0,,,,,
2020/04/21,30588.43723244338,30999.75604812697,134.4575909035848,38.25466173519817,12073.792917505742,499.9084130118936,18514.644314937635,30246.0,30932.0,30655.0,31345.0,,,,,
2020/04/22,30697.271919934232,31029.793659408453,108.83468749085296,30.037611281484715,12563.709872695126,489.9169551893847,18133.562047239106,30354.975000000002,31041.0,30685.0,31376.0,,,,,
2020/04/23,30785.16966199864,31053.459728329344,87.8977420644078,23.66606892089112,13043.286923951558,479.57705125643224,17741.882738047083,30441.0,31129.0,30709.0,31399.0,,,,,
2020/04/24,30856.034627528396,31072.17549640698,70.86496552975586,18.715768077636312,13512.297845942685,469.01092199112645,17343.73678158571,30513.0,31202.0,30727.0,31418.0,,,,,
2020/04/25,30913.093692572587,31087.03539056293,57.05906504419181,14.859894155950315,13970.616174930972,458.31832898828725,16942.477517641615,30569.0,31258.0,30742.0,31434.0,,,,,
2020/04/26,30958.99616451827,31098.882890006123,45.90247194568292,11.847499443192646,14418.19604655649,447.5798716255176,16540.80011796178,30614.0,31305.0,30754.0,31445.0,,,,,
2020/04/27,30995.9050429755,31108.36910227306,36.90887845723046,9.48621226693649,14855.056063380624,436.8600168241337,16140.848979594877,30652.0,31341.0,30763.0,31454.0,,,,,
2020/04/28,31025.57807659742,31115.997734340042,29.673033621918876,7.628632066982391,15281.265862442253,426.2097990616294,15744.312214155167,30681.0,31372.0,30771.0,31462.0,,,,,
2020/04/29,31049.43816830578,31122.159493839474,23.860091708360414,6.161759499431355,15696.935034326849,415.6691718845959,15352.503133978931,30705.0,31395.0,30777.0,31468.0,,,,,
2020/04/30,31068.63348637438,31127.15835149672,19.19531806859959,4.998857657246845,16102.204054075093,405.2690197482443,14966.429432299286,30723.0,31415.0,30782.0,31474.0,,,,,
2020/05/01,31084.08809485405,31131.231574696107,15.454608479671151,4.0732231993861205,16497.236909380706,395.03285530561334,14586.851185473344,30739.0,31430.0,30786.0,31477.0,,,,,
2020/05/02,31096.54413655686,31134.565012895575,12.456041702807852,3.333438199468219,16882.215144597754,384.97823521704777,14214.328991959104,30752.0,31443.0,30789.0,31481.0,,,,,
2020/05/03,31106.596668198712,31137.304771933243,10.05253164185342,2.7397590376676817,17257.33307490689,375.11793030913395,13849.263593291824,30761.0,31452.0,30792.0,31484.0,,,,,
2020/05/04,31114.72221942732,31139.566144769997,8.125551228607947,2.2613728367541626,17622.793960268707,365.46088536181924,13491.928259158612,30769.0,31461.0,30794.0,31486.0,,,,,
2020/05/05,31121.302066537035,31141.440457895427,6.579847109715047,1.87431312543049,17978.80696161518,356.0130013464732,13142.495104921854,30775.0,31467.0,30796.0,31487.0,,,,,
2020/05/06,31126.641105050763,31143.00033294742,5.3390385137281555,1.5598750519930036,18325.584731182702,346.7777695675213,12801.056373868061,30781.0,31472.0,30798.0,31489.0,,,,,
2020/05/07,31130.983090645084,31144.30374175189,4.341985594321159,1.3034088044696546,18663.341514586285,337.75678340358354,12467.641576058799,30786.0,31477.0,30799.0,31491.0,,,,,
2020/05/08,31134.522905267826,31145.397140777615,3.5398146227416873,1.0933990257253754,18992.29166431259,328.9501497263045,12142.231240955236,30789.0,31481.0,30800.0,31493.0,,,,,
2020/05/09,31137.416401541122,31146.317901925406,2.8934962732964777,0.920761147790472,19312.64848279851,320.3568184859214,11824.767918742611,30792.0,31484.0,30801.0,31493.0,,,,,
2020/05/10,31139.788285651433,31147.09620383214,2.37188411031093,0.7783019067355781,19624.623328814076,311.97484601556425,11515.164956837358,30795.0,31486.0,30802.0,31493.0,,,,,
2020/05/11,31141.73841769117,31147.75650838611,1.950132039735763,0.6603045539704908,19928.424933671322,303.8016048572463,11213.313484019847,30797.0,31488.0,30803.0,31494.0,,,,,
2020/05/12,31143.34684003728,31148.318717446484,1.6084223461111833,0.5622090603719698,20224.25888421017,295.8339505388467,10919.087955827112,30797.0,31490.0,30803.0,31495.0,,,,,
2020/05/13,31144.67778612356,31148.799082269627,1.3309460862801643,0.480364823142736,20512.3272380597,288.0683538495323,10632.35054806386,30799.0,31491.0,30804.0,31496.0,,,,,
2020/05/14,31145.78287384467,31149.210920968497,1.1050877211091574,0.4118386988702696,20792.82824360073,280.50100554102755,10352.954630243941,30801.0,31492.0,30803.0,31495.0,,,,,
2020/05/15,31146.703648162817,31149.5651865448,0.9207743181468686,0.35426557630489697,21065.95614261089,273.12789901016004,10080.747505551928,30802.0,31493.0,30804.0,31495.0,,,,,
2020/05/16,31147.473604997576,31149.870918182995,0.769956834759796,0.30573163819281035,21331.90103806388,265.94489545299075,9815.572566933697,30802.0,31493.0,30805.0,31496.0,,,,,
2020/05/17,31148.11980228239,31150.13560105169,0.6461972848119331,0.26468286869567237,21590.848813125034,258.94777506115497,9557.270989157354,30803.0,31494.0,30804.0,31496.0,,,,,
2020/05/18,31148.664142599926,31150.365454143808,0.5443403175377171,0.22985309211799176,21842.981090271605,252.13227714657114,9305.68305232832,30803.0,31495.0,30805.0,31496.0,,,,,
2020/05/19,31149.1243948154,31150.56566133703,0.46025221547461115,0.2002071932220133,22088.47522173609,245.4941314644857,9060.64917307931,30804.0,31496.0,30805.0,31497.0,,,,,
2020/05/20,31149.515008297414,31150.740557495024,0.3906134820135776,0.1748961579942261,22327.504304300743,239.02908256465162,8822.010703996672,30804.0,31497.0,30806.0,31498.0,,,,,
2020/05/21,31149.84776235665,31150.893778856378,0.33275405923632206,0.15322136135364417,22560.23721291453,232.732908613787,8589.61054944212,30805.0,31497.0,30806.0,31497.0,,,,,
2020/05/22,31150.132284746418,31151.028384958296,0.28452238976751687,0.1346061019175977,22786.838648755456,226.60143584092657,8363.293635990962,30804.0,31497.0,30805.0,31498.0,,,,,
2020/05/23,31150.376466102425,31151.146957801808,0.24418135600717505,0.11857284351208364,23007.46919827138,220.63054951592494,8142.907267831044,30805.0,31497.0,30805.0,31498.0,,,,,
2020/05/24,31150.586791635036,31151.25168276137,0.21032553261102294,0.10472495956128114,23222.285400457655,214.81620218627359,7928.301391177381,30806.0,31497.0,30805.0,31498.0,,,,,
2020/05/25,31150.768606949812,31151.34441479721,0.1818153147760313,0.0927320358423458,23431.439820207896,209.15441975024078,7719.328786741917,30805.0,31497.0,30805.0,31498.0,,,,,
2020/05/26,31150.926331465264,31151.426732814543,0.15772451545126387,0.08231801733199973,23635.08112601751,203.641305809615,7515.845205447753,30805.0,31497.0,30806.0,31498.0,,,,,
2020/05/27,31151.063630010543,31151.49998441682,0.13729854527991847,0.07325160227628658,23833.354170695085,198.27304467757494,7317.709459315458,30806.0,31498.0,30806.0,31498.0,,,,,
2020/05/28,31151.183551073027,31151.565322861105,0.11992106248362688,0.06533844428486191,24026.400074012505,193.0459033174193,7124.783477060522,30807.0,31498.0,30806.0,31499.0,,,,,
2020/05/29,31151.288638396953,31151.623737662092,0.1050873239255452,0.05841480098752072,24214.356306455094,187.95623244258968,6936.932331941858,30805.0,31497.0,30806.0,31498.0,,,,,
2020/05/30,31151.381021250694,31151.67608000549,0.09238285374158295,0.0523423433987773,24397.356773414125,183.00046695903075,6754.024247836569,30806.0,31498.0,30807.0,31498.0,,,,,
2020/05/31,31151.462487607616,31151.72308391083,0.08146635692173732,0.047003905339806806,24575.531899304475,178.1751258903496,6575.930588303141,30806.0,31499.0,30807.0,31498.0,,,,,
2020/06/01,31151.53454360889,31151.765383901708,0.0720560012741771,0.04229999087692704,24749.00871120544,173.4768119009641,6402.525832403451,30806.0,31498.0,30806.0,31498.0,,,,,
2020/06/02,31151.598461992984,31151.803529798082,0.06391838409399497,0.03814589637477184,24917.91092171254,168.9022105071017,6233.6875402804435,30806.0,31498.0,30806.0,31498.0,,,,,
2020/06/03,31151.655321640486,31151.83799913246,0.056859647502278676,0.03446933437589905,25082.359010759068,164.44808904652746,6069.296310881418,30806.0,31497.0,30806.0,31498.0,,,,,
2020/06/04,31151.70603994387,31151.8692075973,0.050718303384201135,0.03120846484307549,25242.47030622403,160.1112954649616,5909.235733719841,30806.0,31498.0,30807.0,31498.0,,,,,
2020/06/05,31151.751399372897,31151.897517857713,0.045359429026575526,0.02831026041167206,25398.359063188098,155.8887569640683,5753.392336184799,30806.0,31498.0,30806.0,31498.0,,,,,
2020/06/06,31151.792069338197,31151.923247003946,0.040669965299457544,0.02572914623306133,25550.136541734777,151.77747854667905,5601.65552760342,30806.0,31498.0,30807.0,31498.0,,,,,
2020/06/07,31151.82862422934,31151.946672867816,0.03655489114316879,0.023425863870215835,25697.911083223677,147.77454148889956,5453.917541005663,30806.0,31498.0,30806.0,31498.0,,,,,
2020/06/08,31151.86155833556,31151.968039387957,0.03293410622063675,0.021366520140873035,25841.788184985406,143.87710176172914,5310.073373350155,30805.0,31498.0,30807.0,31498.0,,,,,
2020/06/09,31151.891298236438,31151.987561180697,0.029739900877757464,0.019521792739396915,25981.870573403645,140.08238841823913,5170.020724832793,30806.0,31498.0,30806.0,31498.0,,,,,
2020/06/10,31151.918213100987,31152.00542743943,0.026914864549326012,0.017866258735011797,26118.25827536862,136.38770196497353,5033.659937732369,30807.0,31498.0,30806.0,31499.0,,,,,
2020/06/11,31151.942623285562,31152.02180527047,0.024410184574662708,0.01637783103797119,26251.04868809367,132.79041272505128,4900.8939351918925,30806.0,31498.0,30806.0,31498.0,,,,,
2020/06/12,31151.964807522083,31152.036842550915,0.022184236520843115,0.015037280445540091,26380.33664729757,129.28795920389894,4771.628160224514,30806.0,31498.0,30807.0,31499.0,,,,,
2020/06/13,31151.985008958105,31152.05067038578,0.020201436022034613,0.013827834864059696,26506.21449376197,125.87784646440196,4645.7705151961345,30806.0,31499.0,30807.0,31499.0,,,,,
2020/06/14,31152.003440229964,31152.063405220862,0.01843127185929916,0.012734835083392682,26628.77213827946,122.55764451748837,4523.231301950505,30807.0,31498.0,30807.0,31498.0,,,,,
2020/06/15,31152.020287745763,31152.075150665867,0.016847515798872337,0.011745445004635258,26748.097125011118,119.32498673165901,4403.923162734645,30806.0,31499.0,30807.0,31499.0,,,,,
2020/06/16,31152.03571530959,31152.08599906966,0.015427563826960977,0.010848403791896999,26864.27469327659,116.17756826547338,4287.761022032999,30806.0,31499.0,30806.0,31498.0,,,,,
2020/06/17,31152.049867193284,31152.096032884256,0.014151883693557465,0.010033814596681623,26977.387837802402,113.11314452581064,4174.662029390882,30807.0,31498.0,30807.0,31498.0,,,,,
2020/06/18,31152.062870750593,31152.105325848024,0.013003557309275493,0.009292963768530171,27087.517367455464,110.12952965306249,4064.5455032951286,30807.0,31499.0,30807.0,31498.0,,,,,
2020/06/19,31152.074838645032,31152.113944014007,0.011967894439294469,0.008618165982625214,27194.74196249099,107.22459503552454,3957.3328761540433,30807.0,31499.0,30807.0,31498.0,,,,,
2020/06/20,31152.085870754785,31152.121946645322,0.011032109752704855,0.008002631315321196,27299.138230344557,104.39626785356813,3852.947640410228,30807.0,31499.0,30807.0,31499.0,,,,,
2020/06/21,31152.096055804785,31152.129386996097,0.010185049999563489,0.007440350775141269,27400.780759998826,101.64252965426931,3751.315295805958,30807.0,31498.0,30807.0,31500.0,,,,,
2020/06/22,31152.10547276889,31152.13631299389,0.009416964105184888,0.0069259977935871575,27499.742174956027,98.96141495720076,3652.3632978128626,30806.0,31498.0,30807.0,31499.0,,,,,
2020/06/23,31152.114192077235,31152.14276783698,0.008719308345462196,0.006454843089159112,27596.093184847286,96.35100989125931,3556.0210072299487,30806.0,31498.0,30808.0,31498.0,,,,,
2020/06/24,31152.12227665884,31152.1487905183,0.008084581604634877,0.006022681318427203,27689.90263570804,93.80945086075371,3462.2196409507997,30807.0,31499.0,30807.0,31498.0,,,,,
2020/06/25,31152.129782838707,31152.154416283494,0.007506179867050378,0.0056257651958731,27781.237558938254,91.33492323021346,3370.8922239004532,30808.0,31499.0,30806.0,31498.0,,,,,
2020/06/26,31152.136761128804,31152.1596770393,0.006978290097322315,0.005260755806375528,27870.163219063255,88.92566012500174,3281.973542065549,30807.0,31499.0,30806.0,31499.0,,,,,
2020/06/27,31152.14325690032,31152.16460170742,0.0064957715148921125,0.0049246681192016695,27956.74316016028,86.57994109702486,3195.400096740039,30806.0,31499.0,30807.0,31499.0,,,,,
2020/06/28,31152.149310973593,31152.169216538918,0.006054073273844551,0.004614831497747218,28041.039251114133,84.2960909538524,3111.1100598594603,30807.0,31498.0,30807.0,31498.0,,,,,
2020/06/29,31152.154960136955,31152.173545392623,0.005649163362249965,0.004328853705374058,28123.111729703473,82.07247858933988,3029.0432304334827,30806.0,31498.0,30807.0,31498.0,,,,,
2020/06/30,31152.16023759724,31152.17760998107,0.00527746028456022,0.004064588447363349,28203.019245526073,79.90751582260054,2949.1409920711667,30807.0,31500.0,30806.0,31499.0,,,,,
2020/07/01,31152.165173374186,31152.181430088585,0.004935776945785619,0.003820107514911797,28280.818901804112,77.79965627803904,2871.3462715700734,30807.0,31498.0,30806.0,31498.0,,,,,
2020/07/02,31152.16979464891,31152.185023765833,0.004621274725650437,0.0035936772474087775,28356.56629613829,75.74739433417926,2795.60349851062,30807.0,31498.0,30807.0,31499.0,,,,,
2020/07/03,31152.174126065605,31152.1884075004,0.004331416694185464,0.0033837345690699294,28430.315560101335,73.74926396304363,2721.8585659642704,30807.0,31498.0,30807.0,31498.0,,,,,
2020/07/04,31152.178190002196,31152.191596370947,0.004063936590682715,0.0031888705452729482,28502.11939788464,71.8038377833036,2650.0587921175575,30806.0,31499.0,30806.0,31499.0,,,,,
2020/07/05,31152.182006806266,31152.194604183176,0.00381680407008389,0.0030078122290433384,28572.029123867374,69.90972598273584,2580.1528829388917,30807.0,31499.0,30807.0,31499.0,,,,,
2020/07/06,31152.185595004492,31152.197443592126,0.0035881982257706113,0.00283940894951229,28640.09469924796,68.06557538058405,2512.0908957565334,30807.0,31499.0,30807.0,31499.0,,,,,
2020/07/07,31152.188971488096,31152.20012621102,0.0033764836043701507,0.0026826188950508367,28706.364767692827,66.27006844486823,2445.8242037952696,30807.0,31499.0,30807.0,31499.0,,,,,
2020/07/08,31152.19215167653,31152.202662708332,0.003180188432452269,0.002536497311666608,28770.886690014395,64.52192232156813,2381.305461662134,30807.0,31498.0,30806.0,31499.0,,,,,
2020/07/09,31152.195149666855,31152.205062897126,0.002997990326548461,0.002400188794126734,28833.70657814144,62.81988812704367,2318.488571525417,30806.0,31499.0,30806.0,31498.0,,,,,
2020/07/10,31152.197978357734,31152.207335810555,0.0028286908782320097,0.0022729134288965724,28894.869327803877,61.16274966243873,2257.3286505538563,30807.0,31499.0,30807.0,31499.0,,,,,
2020/07/11,31152.200649568436,31152.20948977377,0.00267121070282883,0.0021539632143685594,28954.418650689768,59.54932288589043,2197.7819988786687,30806.0,31499.0,30807.0,31498.0,,,,,
2020/07/12,31152.20317414225,31152.21153246732,0.002524573814298492,0.0020426935516297817,29012.39710566931,57.97845497954404,2139.806068472939,30807.0,31499.0,30807.0,31499.0,,,,,
2020/07/13,31152.20556203859,31152.213470984203,0.0023878963402239606,0.0019385168816370424,29068.846129198377,56.449023529065016,2083.359432840214,30807.0,31498.0,30807.0,31498.0,,,,,
2020/07/14,31152.207822413962,31152.21531188071,0.0022603753714065533,0.0018408965079288464,29123.806064842127,54.959935643750214,2028.4017575718353,30807.0,31499.0,30807.0,31499.0,,,,,
2020/07/15,31152.209963696827,31152.217061223102,0.0021412828646134585,0.0017493423911218997,29177.316192099886,53.51012725775945,1974.8937715969405,30808.0,31498.0,30807.0,31499.0,,,,,
2020/07/16,31152.21199365414,31152.2187246297,0.0020299573116062675,0.0016634065977996215,29229.414754490776,52.09856239088913,1922.797239163363,30808.0,31499.0,30806.0,31499.0,,,,,
2020/07/17,31152.213919450787,31152.220307308802,0.0019257966487202793,0.001582679102284601,29280.13898687455,50.724232383774506,1872.0749325762372,30806.0,31498.0,30807.0,31499.0,,,,,
2020/07/18,31152.215747702583,31152.221814092758,0.0018282517958141398,0.0015067839558469132,29329.525142004277,49.38615512972683,1822.6906056983062,30807.0,31498.0,30807.0,31497.0,,,,,
2020/07/19,31152.217484524772,31152.22324946915,0.0017368221888318658,0.0014353763908729888,29377.608516415723,48.08337441144613,1774.6089681090489,30807.0,31499.0,30807.0,31499.0,,,,,
2020/07/20,31152.21913557571,31152.224617609172,0.0016510509376530536,0.0013681400232599117,29424.42347567531,46.81495925958734,1727.7956599003992,30807.0,31499.0,30807.0,31498.0,,,,,
2020/07/21,31152.220706096112,31152.22592239333,0.001570520402310649,0.0013047841566731222,29470.003478936676,45.58000326136607,1682.2172271594354,30806.0,31498.0,30807.0,31499.0,,,,,
2020/07/22,31152.22220094425,31152.22716743457,0.0014948481366445776,0.0012450412395992316,29514.38110281204,44.3776238753635,1637.8410981322086,30807.0,31499.0,30807.0,31498.0,,,,,
2020/07/23,31152.223624628044,31152.2283560995,0.001423683796019759,0.0011886649299412966,29557.588064617223,43.2069618051828,1594.6355600108218,30807.0,31500.0,30807.0,31499.0,,,,,
2020/07/24,31152.22498133411,31152.22949152767,0.0013567060668719932,0.00113542817052803,29599.655245015765,42.067180398542405,1552.5697363183463,30808.0,31499.0,30807.0,31499.0,,,,,
2020/07/25,31152.2262749555,31152.230576650127,0.0012936213897773996,0.0010851224578800611,29640.612710370948,40.95746535518265,1511.6135645845534,30807.0,31499.0,30807.0,31498.0,,,,,
2020/07/26,31152.227509113043,31152.231614203945,0.001234157542057801,0.0010375538186053745,29680.489733739443,39.87702336849543,1471.7377753736,30807.0,31499.0,30806.0,31499.0,,,,,
2020/07/27,31152.22868717886,31152.232606747966,0.0011780658169300295,0.0009925440208462533,29719.314816089456,38.82508235001296,1432.913871089404,30806.0,31499.0,30807.0,31498.0,,,,,
2020/07/28,31152.229812296227,31152.233556676296,0.001125117367337225,0.0009499283296463545,29757.115706721932,37.800890632475785,1395.1141055742955,30807.0,31499.0,30806.0,31499.0,,,,,
2020/07/29,31152.230887396665,31152.234466229922,0.001075100437446963,0.0009095536261156667,29793.91942282081,36.803716098878795,1358.3114645758542,30807.0,31499.0,30806.0,31498.0,,,,,
2020/07/30,31152.231915217122,31152.235337508617,0.001027820457238704,0.0008712786948308349,29829.75226898664,35.832846165827505,1322.479646230484,30807.0,31498.0,30807.0,31499.0,,,,,
2020/07/31,31152.23289831477,31152.23617248118,0.0009830976487137377,0.0008349725649168249,29864.639856035094,34.887587048455316,1287.5930422796773,30806.0,31499.0,30807.0,31500.0,,,,,
2020/08/01,31152.233839080283,31152.23697299456,0.0009407655124960002,0.0008005133786355145,29898.607119083397,33.96726304830372,1253.626719996886,30807.0,31499.0,30805.0,31498.0,,,,,
2020/08/02,31152.234739750846,31152.237740782897,0.0009006705622596201,0.000767788336816011,29931.678335534853,33.07121645145526,1220.556404215993,30807.0,31499.0,30806.0,31499.0,,,,,
2020/08/03,31152.23560242196,31152.238477475752,0.0008626711132819764,0.0007366928548435681,29963.877142587968,32.19880705311516,1188.3584598339912,30806.0,31498.0,30807.0,31499.0,,,,,
2020/08/04,31152.236429056724,31152.23918460479,0.000826634764962364,0.0007071290383464657,29995.22655366866,31.349411080693244,1157.009875388063,30806.0,31498.0,30806.0,31500.0,,,,,
2020/08/05,31152.237221496674,31152.239863611318,0.000792439950600965,0.0006790065272070933,30025.748975412233,30.522421743571613,1126.488246084442,30806.0,31498.0,30807.0,31498.0,,,,,
2020/08/06,31152.237981469643,31152.240515851863,0.0007599729688081425,0.0006522405456053093,30055.466223155232,29.71724774299946,1096.7717583144113,30807.0,31499.0,30807.0,31500.0,,,,,
2020/08/07,31152.238710598675,31152.241142604467,0.0007291290312423371,0.0006267526041483507,30084.39953693678,28.93331378154835,1067.8391736618942,30806.0,31498.0,30808.0,31499.0,,,,,
2020/08/08,31152.23941040915,31152.24174507376,0.0006998104763624724,0.0006024692920618691,30112.56959650969,28.17005957290894,1039.6698138994616,30807.0,31498.0,30808.0,31499.0,,,,,
2020/08/09,31152.240082335364,31152.2423243958,0.0006719262128171977,0.0005793220407213084,30139.99653599331,27.426939483619208,1012.2435463420552,30807.0,31499.0,30806.0,31499.0,,,,,
2020/08/10,31152.240727727338,31152.24288164294,0.0006453919741034042,0.0005572471382038202,30166.69995862264,26.703422629332636,985.5407691046967,30806.0,31500.0,30807.0,31499.0,,,,,
2020/08/11,31152.241347856085,31152.243417827573,0.0006201287469593808,0.0005361846342566423,30192.698950282393,25.998991659751482,959.5423975736921,30807.0,31498.0,30807.0,31498.0,,,,,
2020/08/12,31152.241943919464,31152.2439339064,0.0005960633789072745,0.0005160788277862594,30218.01209352832,25.313143245926767,934.2298503911443,30807.0,31498.0,30807.0,31498.0,,,,,
2020/08/13,31152.242517046983,31152.244430783892,0.0005731275196012575,0.0004968774919689167,30242.657480757694,24.645387229375046,909.5850362892888,30806.0,31498.0,30806.0,31498.0,,,,,
2020/08/14,31152.24306830417,31152.244909315566,0.0005512571879080497,0.0004785316741617862,30266.652727015506,23.99524625781123,885.5903412886655,30807.0,31499.0,30807.0,31498.0,,,,,
2020/08/15,31152.24359869701,31152.24537031123,0.0005303928373905364,0.0004609956631611567,30290.014982829533,23.362255814026867,862.228615867476,30806.0,31498.0,30807.0,31499.0,,,,,
2020/08/16,31152.244109175568,31152.2458145376,0.0005104785595904104,0.000444226370746037,30312.76094607398,22.74596324444792,839.4831631015877,30807.0,31499.0,30806.0,31498.0,,,,,
2020/08/17,31152.244600638118,31152.246242721343,0.0004914625496894587,0.000428183742769761,30334.906874461085,22.145928387104505,817.3377261770329,30807.0,31498.0,30807.0,31498.0,,,,,
2020/08/18,31152.24507393392,31152.24665555113,0.00047329580047517084,0.0004128297878196463,30356.46859651584,21.561722054753773,795.7764774180796,30807.0,31498.0,30807.0,31498.0,,,,,
2020/08/19,31152.245529866836,31152.247053680338,0.000455932917247992,0.00039812920658732764,30377.461523511265,20.992926995426387,774.7840063555705,30807.0,31499.0,30807.0,31499.0,,,,,
2020/08/20,31152.245969197713,31152.247437728875,0.00043933087727054954,0.0003840485369437374,30397.90065996934,20.439136458073335,754.3453092283744,30806.0,31500.0,30806.0,31499.0,,,,,
2020/08/21,31152.24639264741,31152.247808285403,0.00042344969551777467,0.0003705565286509227,30417.80061471546,19.899954746120784,734.4457779319491,30807.0,31499.0,30806.0,31499.0,,,,,
2020/08/22,31152.24680089912,31152.248165909048,0.0004082517116330564,0.0003576236449589487,30437.17561116149,19.3749964460294,715.0711897376314,30807.0,31499.0,30806.0,31499.0,,,,,
2020/08/23,31152.247194600393,31152.248511130943,0.00039370127342408523,0.0003452218952588737,30456.039496919315,18.86388575782621,696.2076976810786,30807.0,31499.0,30807.0,31499.0,,,,,
2020/08/24,31152.24757436623,31152.24884445652,0.0003797658355324529,0.00033332557723042555,30474.40575517113,18.366258251815452,677.8418191950987,30806.0,31498.0,30807.0,31498.0,,,,,
2020/08/25,31152.247940781097,31152.249166367033,0.00036641486804001033,0.00032191051286645234,30492.287514429736,17.881759258605598,659.9604263513611,30806.0,31499.0,30807.0,31499.0,,,,,
2020/08/26,31152.24829439838,31152.249477319358,0.0003536172844178509,0.00031095232407096773,30509.697554219703,17.410039789967414,642.5507401786781,30807.0,31499.0,30807.0,31499.0,,,,,
2020/08/27,31152.24863574504,31152.249777749308,0.0003413466583879199,0.0003004299505846575,30526.648318886913,16.950764667210024,625.6003168581265,30807.0,31498.0,30807.0,31499.0,,,,,
2020/08/28,31152.248965322153,31152.25006807215,0.00032957711300696246,0.00029032284146524034,30543.151924692636,16.503605805723055,609.0970406295164,30807.0,31499.0,30807.0,31499.0,,,,,
2020/08/29,31152.24928360513,31152.250348682814,0.0003182829786965158,0.00028061066404916346,30559.220166249663,16.06824155702634,593.0291173554688,30807.0,31499.0,30807.0,31499.0,,,,,
2020/08/30,31152.24959104751,31152.250619958733,0.0003074423802900128,0.00027127591965836473,30574.864529363884,15.64436311422105,577.385061683628,30807.0,31498.0,30807.0,31499.0,,,,,
2020/08/31,31152.249888080696,31152.25088225951,0.0002970331843243912,0.0002623007749207318,30590.096195716163,15.231666352279717,562.1536923645326,30807.0,31498.0,30807.0,31498.0,,,,,
2020/09/01,31152.250175115518,31152.25113592808,0.0002870348216674756,0.00025366857153130695,30604.926051414997,14.829855698833853,547.3241237005204,30807.0,31498.0,30806.0,31498.0,,,,,
2020/09/02,31152.250452544333,31152.251381292415,0.0002774288150249049,0.00024536433556932025,30619.364697263107,14.438645848109445,532.885755281226,30806.0,31499.0,30807.0,31499.0,,,,,
2020/09/03,31152.25072074029,31152.251618665177,0.0002681959558685776,0.00023737276205793023,30633.422452522955,14.057755259847909,518.828268217334,30807.0,31498.0,30807.0,31499.0,,,,,
2020/09/04,31152.250980059485,31152.25184834523,0.00025931919662980363,0.0002296800521435216,30647.109364869484,13.686912346529425,505.1416151900012,30807.0,31498.0,30807.0,31499.0,,,,,
2020/09/05,31152.25123084212,31152.252070618553,0.00025078263570321724,0.00022227332374313846,30660.435218013732,13.325853144247958,491.8160128283889,30808.0,31498.0,30807.0,31499.0,,,,,
2020/09/06,31152.25147341199,31152.25228575805,0.00024256986944237724,0.0002151394983229693,30673.40953563277,12.97431761903863,478.84193777921973,30807.0,31499.0,30807.0,31499.0,,,,,
2020/09/07,31152.251708078566,31152.25249402509,0.0002346665751247201,0.00020826703985221684,30686.04159145808,12.63205582531009,466.21011662048477,30807.0,31499.0,30806.0,31498.0,,,,,
2020/09/08,31152.251935137607,31152.252695669802,0.00022705904120812193,0.00020164471061434597,30698.340414732393,12.298823274311872,453.9115204052141,30806.0,31498.0,30806.0,31499.0,,,,,
2020/09/09,31152.25215487163,31152.252890931217,0.00021973402181174606,0.00019526141477399506,30710.314794822574,11.974380090181512,441.9373600490544,30807.0,31498.0,30807.0,31498.0,,,,,
2020/09/10,31152.252367551217,31152.253080038627,0.00021267958800308406,0.00018910740982391872,30721.973291045666,11.658496223091788,430.2790765055506,30807.0,31498.0,30807.0,31499.0,,,,,
2020/09/11,31152.25257343556,31152.253263211816,0.00020588434199453332,0.000183173189725494,30733.32423777247,11.350946726804978,418.92833566308764,30806.0,31498.0,30806.0,31499.0,,,,,
2020/09/12,31152.25277277241,31152.253440661272,0.00019933684961870313,0.00017744945580489002,30744.37574851746,11.051510744990082,407.8770242549472,30807.0,31499.0,30808.0,31499.0,,,,,
2020/09/13,31152.252965798732,31152.253612588567,0.00019302632426843047,0.00017192729501402937,30755.135722061666,10.759973544205423,397.117243737066,30807.0,31498.0,30807.0,31498.0,,,,,
2020/09/14,31152.25315274128,31152.253779186747,0.00018694254686124623,0.00016659817993058823,30765.61184809225,10.476126030582236,386.64130464903064,30807.0,31498.0,30807.0,31498.0,,,,,
2020/09/15,31152.253333816818,31152.253940640676,0.00018107553842128254,0.00016145392874022946,30775.811612538353,10.199764446104382,376.4417212784647,30807.0,31499.0,30807.0,31499.0,,,,,
2020/09/16,31152.253509233702,31152.254097128833,0.00017541688430355862,0.0001564881567901466,30785.742307625213,9.930695086859487,366.5112016084895,30807.0,31499.0,30806.0,31499.0,,,,,
2020/09/17,31152.253679190697,31152.25424882205,0.00016995699479593895,0.00015169321704888716,30795.41103164129,9.668724016079068,356.8426475494052,30807.0,31499.0,30807.0,31498.0,,,,,
2020/09/18,31152.2538438774,31152.25439588407,0.00016468670219182968,0.0001470620190957561,30804.824694751507,9.413663110215566,347.42914912589185,30806.0,31499.0,30807.0,31499.0,,,,,
2020/09/19,31152.254003476188,31152.25453847225,0.00015959878874127753,0.00014258818191592582,30813.990025142823,9.165330391315365,338.26397833336523,30807.0,31498.0,30807.0,31499.0,,,,,
2020/09/20,31152.254158163887,31152.254676738066,0.00015468769925064407,0.0001382658156217076,30822.913574503822,8.92354936099946,329.340583660065,30807.0,31498.0,30806.0,31498.0,,,,,
2020/09/21,31152.254308109637,31152.25481082686,0.00014994575030868873,0.0001340887938567903,30831.601720952993,8.688146449170745,320.6525871566446,30807.0,31500.0,30807.0,31498.0,,,,,
2020/09/22,31152.254453476395,31152.25494087825,0.00014536675735143945,0.00013005139044253156,30840.060674189557,8.458953236564412,312.1937792868375,30807.0,31498.0,30806.0,31499.0,,,,,
2020/09/23,31152.254594420872,31152.25506702663,0.00014094447760726325,0.0001261483776033856,30848.296480446417,8.235806256860087,303.95811397445505,30807.0,31498.0,30806.0,31499.0,,,,,
2020/09/24,31152.254731094283,31152.255189401218,0.00013667341045220383,0.00012237458940944634,30856.315026421584,8.01854597516649,295.939704672699,30806.0,31499.0,30807.0,31499.0,,,,,
2020/09/25,31152.254863642873,31152.255308126292,0.00013254859004518948,0.00011872507457155734,30864.1220433071,7.807016885515623,288.13282033577343,30807.0,31499.0,30806.0,31499.0,,,,,
2020/09/26,31152.25499220685,31152.2554233214,0.00012856397734140046,0.00011519510735524818,30871.723111050527,7.601067743427848,280.5318811563229,30807.0,31499.0,30807.0,31498.0,,,,,
2020/09/27,31152.255116915643,31152.25553510172,0.00012470879300963134,0.00011178032218595035,30879.12366278208,7.400551731552696,273.13145413356324,30807.0,31500.0,30807.0,31499.0,,,,,
2020/09/28,31152.255237892434,31152.255643578097,0.00012097679064027034,0.00010847637531696819,30886.328988114878,7.205325332797656,265.9262497775562,30806.0,31499.0,30807.0,31499.0,,,,,
2020/09/29,31152.255355252073,31152.255748857227,0.00011735963926184922,0.00010527913036639802,30893.344237014542,7.015248899664584,258.9111182375309,30807.0,31499.0,30807.0,31499.0,,,,,
2020/09/30,31152.25546911514,31152.255851041908,0.00011386306869098917,0.00010218468014500104,30900.174423616245,6.830186601702735,252.08104549889686,30807.0,31498.0,30807.0,31499.0,,,,,
2020/10/01,31152.25557961205,31152.25595023125,0.00011049690874642693,9.918934301822446e-05,30906.824430004574,6.65000638832862,245.43114960747698,30806.0,31499.0,30807.0,31498.0,,,,,
2020/10/02,31152.25568683744,31152.25604652069,0.00010722539082053117,9.628944098949432e-05,30913.299009248814,6.474579244240886,238.95667758862692,30807.0,31498.0,30807.0,31498.0,,,,,
2020/10/03,31152.255790906296,31152.256140002275,0.00010406885485281236,9.348158346256241e-05,30919.602789141154,6.303779892339662,232.6530017651421,30808.0,31499.0,30807.0,31497.0,,,,,
2020/10/04,31152.255891914127,31152.25623076472,0.00010100783038069494,9.076244532479905e-05,30925.74027534997,6.137486208815972,226.51561656415652,30807.0,31498.0,30807.0,31499.0,,,,,
2020/10/05,31152.255989962712,31152.256318893604,9.804858564166352e-05,8.81288833625149e-05,30931.71585469455,5.975579344580183,220.54013526816198,30807.0,31498.0,30807.0,31499.0,,,,,
2020/10/06,31152.256085146593,31152.25640447144,9.5183881057892e-05,8.55778380355332e-05,30937.53379826955,5.817943574998935,214.7222868770441,30806.0,31498.0,30806.0,31498.0,,,,,
2020/10/07,31152.256177551124,31152.25648757789,9.240453073289245e-05,8.310644989251159e-05,30943.198264497812,5.664466228263336,209.0579130533115,30806.0,31498.0,30806.0,31499.0,,,,,
2020/10/08,31152.25626726799,31152.256568289773,8.971686474978924e-05,8.071188130998053e-05,30948.71330210575,5.515037607936392,203.54296516223985,30807.0,31498.0,30807.0,31499.0,,,,,
2020/10/09,31152.256354383164,31152.256646681257,8.711517511983402e-05,7.839148383936845e-05,30954.082853014083,5.369550908333622,198.17350136908135,30807.0,31499.0,30808.0,31498.0,,,,,
2020/10/10,31152.25643897704,31152.25672282396,8.459387754555792e-05,7.614270361955278e-05,30959.310755156333,5.227902142250969,192.94568382070793,30806.0,31499.0,30807.0,31498.0,,,,,
2020/10/11,31152.25652112736,31152.256796787013,8.215031994041055e-05,7.396305227302946e-05,30964.400745254177,5.089990097843838,187.85577587318403,30808.0,31498.0,30807.0,31499.0,,,,,
2020/10/12,31152.256600911092,31152.25686863718,7.978373105288483e-05,7.18501687515527e-05,30969.356461325653,4.955716071475763,182.90013958543932,30807.0,31498.0,30807.0,31499.0,,,,,
2020/10/13,31152.256678401398,31152.25693843898,7.749030555714853e-05,6.98017975082621e-05,30974.181445677743,4.824984352089814,178.07523272365506,30807.0,31499.0,30807.0,31499.0,,,,,
2020/10/14,31152.256753668604,31152.25700625471,7.526720582973212e-05,6.781573029002175e-05,30978.879146967905,4.697701290162513,173.37760670069838,30806.0,31500.0,30806.0,31499.0,,,,,
2020/10/15,31152.25682678107,31152.25707214459,7.311246736207977e-05,6.588988253497519e-05,30983.45292316539,4.573776197485131,168.8039036156806,30806.0,31498.0,30808.0,31499.0,,,,,
2020/10/16,31152.256897805066,31152.257136166816,7.10239946783986e-05,6.402222425094806e-05,30987.9060429519,4.453119786510797,164.3508548531645,30806.0,31499.0,30806.0,31499.0,,,,,
2020/10/17,31152.256966804405,31152.257198377636,6.899933941895142e-05,6.221082003321499e-05,30992.241689420494,4.3356464685930405,160.01527738391087,30807.0,31498.0,30807.0,31498.0,,,,,
2020/10/18,31152.257033840637,31152.257258831447,6.703623148496263e-05,6.045381087460555e-05,30996.462961612982,4.221272192487959,155.7940722276544,30806.0,31498.0,30806.0,31499.0,,,,,
2020/10/19,31152.257098973125,31152.257317580825,6.513248808914796e-05,5.8749377785716206e-05,31000.57287641369,4.109914800708793,151.6842225594337,30806.0,31499.0,30806.0,31498.0,,,,,
2020/10/20,31152.257162259455,31152.25737467664,6.328633025987074e-05,5.7095814554486424e-05,31004.574371668758,4.001495255066402,147.68279059069755,30808.0,31499.0,30806.0,31499.0,,,,,
2020/10/21,31152.257223755256,31152.257430168098,6.149580076453276e-05,5.5491458624601364e-05,31008.470307402524,3.895935733766237,143.78691635273208,30807.0,31499.0,30807.0,31499.0,,,,,
2020/10/22,31152.257283514315,31152.257484102778,5.975905878585763e-05,5.393468018155545e-05,31012.263468135887,3.793160733363038,139.99381537842783,30807.0,31499.0,30807.0,31499.0,,,,,
2020/10/23,31152.2573415886,31152.25753652673,5.807428533444181e-05,5.24239512742497e-05,31015.956564568707,3.6930964328203117,136.30077701989285,30807.0,31498.0,30807.0,31499.0,,,,,
2020/10/24,31152.257398028392,31152.25758748454,5.6439792388118804e-05,5.095780943520367e-05,31019.55223715289,3.5956725841824664,132.70516087550277,30807.0,31499.0,30807.0,31498.0,,,,,
2020/10/25,31152.257452882324,31152.257637019346,5.4853931942489e-05,4.9534806748852134e-05,31023.05305625645,3.500819103559479,129.20439662587523,30808.0,31499.0,30807.0,31498.0,,,,,
2020/10/26,31152.25750619741,31152.257685172906,5.331508509698324e-05,4.8153560783248395e-05,31026.46152369691,3.4084674404621182,125.79598250049821,30807.0,31498.0,30806.0,31499.0,,,,,
2020/10/27,31152.25755801917,31152.25773198564,5.182176028029062e-05,4.6812732762191445e-05,31029.780075734703,3.31855203779196,122.47748228446653,30807.0,31498.0,30807.0,31499.0,,,,,
2020/10/28,31152.257608391665,31152.257777496685,5.0372495024930686e-05,4.5511045755119994e-05,31033.011084302172,3.2310085674689617,119.2465240894926,30807.0,31498.0,30808.0,31499.0,,,,,
2020/10/29,31152.257657357553,31152.257821743948,4.896588870906271e-05,4.424726284923963e-05,31036.1568588094,3.145774507229362,116.10079854815194,30806.0,31498.0,30806.0,31499.0,,,,,
2020/10/30,31152.257704958112,31152.257864764146,4.760055890074e-05,4.302019806345925e-05,31039.21964771371,3.062788904309855,113.03805724440099,30807.0,31499.0,30807.0,31498.0,,,,,
2020/10/31,31152.257751233297,31152.257906592844,4.627518501365557e-05,4.182869815849699e-05,31042.20164020514,2.981992491429992,110.05611102815601,30806.0,31498.0,30808.0,31498.0,,,,,
2020/11/01,31152.257796221784,31152.257947264487,4.498848647926934e-05,4.067164263688028e-05,31045.10496766051,2.9033274553694355,107.15282856127305,30807.0,31500.0,30806.0,31499.0,,,,,
2020/11/02,31152.257839961025,31152.257986812452,4.373924093670212e-05,3.954796557081863e-05,31047.931705212795,2.8267375522846123,104.32613474822938,30807.0,31499.0,30807.0,31499.0,,,,,
2020/11/03,31152.257882487316,31152.258025269082,4.252629150869325e-05,3.845663013635203e-05,31050.683873198468,2.7521679856727133,101.57400928884817,30807.0,31499.0,30806.0,31499.0,,,,,
2020/11/04,31152.257923835816,31152.25806266574,4.134849950787611e-05,3.739665771718137e-05,31053.363438912627,2.679565714159253,98.89448492318843,30807.0,31498.0,30806.0,31499.0,,,,,
