Actual_interval_down,Actual_interval_up,Confirm_interval_down,Confirm_interval_up,Dailynew_actual,Dailynew_confirm,Dailynew_remove,Date,Predict_actual,Predict_confirm,Remain_confirm,Remove,ADate,Official_confirmed,Official_dailynew,Official_remove
72.0,109.0,9.0,26.0,0.0,0.0,0.0,2020/03/06,90.0,16.98379657838288,15.98379657838288,1.0,2020-03-06,15.0,0.0,1.0
75.0,113.0,23.0,45.0,3.262111474758427,16.650515807507674,0.10980249767157324,2020/03/07,93.26211147475843,33.63431238589055,32.52450988821898,1.1098024976715732,2020-03-07,15.0,0.0,1.0
83.0,122.0,37.0,65.0,8.848448339035997,16.650515807507674,0.19046643123214468,2020/03/08,102.11055981379442,50.284828193398226,48.98455926449451,1.300268928903718,2020-03-08,23.0,8.0,1.0
95.0,137.0,52.0,84.0,13.64349892620183,16.844457835014026,0.2597899668193515,2020/03/09,115.75405873999625,67.12928602841225,65.56922713268918,1.5600588957230694,2020-03-09,30.0,7.0,1.0
112.0,157.0,66.0,102.0,18.244998928940277,16.638569855304567,0.3264828809321445,2020/03/10,133.99905766893653,83.76785588371682,81.88131410706161,1.886541776655214,2020-03-10,40.0,10.0,1.0
133.0,182.0,82.0,122.0,23.071771104597815,17.833766790896746,0.39668222673093845,2020/03/11,157.07082877353434,101.60162267461357,99.31839867122741,2.2832240033861524,2020-03-11,59.0,19.0,1.0
159.0,213.0,101.0,144.0,28.44432337177841,20.14399573430981,0.4751386346945883,2020/03/12,185.51515214531275,121.74561840892338,118.98725577084264,2.7583626380807407,2020-03-12,59.0,0.0,1.0
192.0,250.0,122.0,169.0,34.635431345709435,23.4480765786561,0.5659672731839778,2020/03/13,220.1505834910222,145.19369498757948,141.86936507631475,3.3243299112647184,2020-03-13,155.0,96.0,1.0
231.0,294.0,148.0,199.0,41.902470144924905,27.73404289985001,0.6731402608210422,2020/03/14,262.0530536359471,172.9277378874295,168.93026771534372,3.9974701720857606,2020-03-14,225.0,70.0,1.0
278.0,348.0,178.0,235.0,50.508618109582244,33.066725969014215,0.8008281338170091,2020/03/15,312.56167174552934,205.9944638564437,201.19616555054094,4.79829830590277,2020-03-15,244.0,19.0,10.0
336.0,412.0,215.0,277.0,60.73713842667809,39.569436404426426,0.9536559693965172,2020/03/16,373.2988101722074,245.56390026087013,239.81194598557084,5.751954275299287,2020-03-16,277.0,33.0,10.0
405.0,488.0,260.0,327.0,72.90106276517673,47.41409191021205,1.1369138089289494,2020/03/17,446.19987293738416,292.9779921710822,286.08912408685393,6.888868084228236,2020-03-17,321.0,44.0,10.0
489.0,579.0,307.0,380.0,87.3493522904663,50.07372200182709,1.356744928962848,2020/03/18,533.5492252278505,343.05171417290927,334.8061011597182,8.245613013191084,2020-03-18,336.0,15.0,10.0
589.0,688.0,364.0,442.0,104.46970290766922,59.300693605343895,1.6203249280630772,2020/03/19,638.0189281355197,402.35240777825317,392.486469836999,9.865937941254161,2020-03-19,400.0,64.0,10.0
709.0,817.0,424.0,509.0,124.68742496429445,63.84948163926043,0.13406205874583854,2020/03/20,762.7063530998141,466.2018894175136,456.2018894175136,10.0,2020-03-20,450.0,50.0,10.0
722.0,831.0,487.0,577.0,13.020776842402938,65.32882127758376,2.163197489571072,2020/03/21,775.7271299422171,531.5307106950974,519.3675132055263,12.163197489571072,,,,
756.0,867.0,549.0,644.0,35.230115070815486,64.67595590562757,2.491084953216502,2020/03/22,810.9572450130325,596.2066666007249,581.5523841579374,14.654282442787574,,,,
808.0,923.0,615.0,717.0,54.06065417011655,69.1552132053256,2.7699257646514095,2020/03/23,865.0178991831491,665.3618798060505,647.9376715986116,17.424208207438983,,,,
877.0,997.0,678.0,783.0,71.7951911318047,64.78796629639328,3.035114714007346,2020/03/24,936.8130903149538,730.1498461024438,709.6905231809975,20.45932292144633,,,,
965.0,1090.0,740.0,851.0,89.98425236952335,64.78796629639362,3.3112223062744697,2020/03/25,1026.7973426844771,794.9378123988374,771.1672671711166,23.7705452277208,,,,
1071.0,1203.0,814.0,930.0,109.740262314235,77.12465006168804,3.6167316233940525,2020/03/26,1136.5376049987121,872.0624624605255,844.6751856094106,27.38727685111485,,,,
1199.0,1339.0,900.0,1022.0,131.91628570337343,88.21653210213401,3.966983032787539,2020/03/27,1268.4538907020856,960.2789945626595,928.9247346787571,31.35425988390239,,,,
1352.0,1500.0,1000.0,1128.0,157.20913115337544,103.29173586723948,4.376018906953274,2020/03/28,1425.663021855461,1063.570730429899,1027.8404516390433,35.730278790855664,,,,
1534.0,1691.0,1118.0,1253.0,186.21154877607887,121.5893318759172,4.857745246083155,2020/03/29,1611.8745706315399,1185.1600623058162,1144.5720382688773,40.58802403693882,,,,
1748.0,1916.0,1258.0,1400.0,219.42798009926173,143.31131042880452,5.426654632878346,2020/03/30,1831.3025507308016,1328.4713727346207,1282.4566940648035,46.014678669817165,,,,
1999.0,2179.0,1422.0,1574.0,257.26175958181557,168.72649927067187,6.0982462725539435,2020/03/31,2088.564310312617,1497.1978720052925,1445.0849470629214,52.11292494237111,,,,
2293.0,2485.0,1615.0,1777.0,299.97785042288706,198.1212239353256,6.889208482423676,2020/04/01,2388.5421607355042,1695.3190959406181,1636.3169625158234,59.002133424794785,,,,
2634.0,2839.0,1841.0,2014.0,347.64362705087206,231.75005588990507,7.817382635623666,2020/04/02,2736.1857877863763,1927.0691518305232,1860.2496357701048,66.81951606041845,,,,
3027.0,3246.0,2105.0,2289.0,400.05068263568,269.7811749105215,8.901496602966006,2020/04/03,3136.2364704220563,2196.8503267410447,2121.12931407766,75.72101266338446,,,,
3476.0,3711.0,2411.0,2608.0,456.6232629945125,312.23343133451226,10.160637319739834,2020/04/04,3592.859733416569,2509.083758075557,2423.202108092433,85.88164998312429,,,,
3984.0,4235.0,2764.0,2974.0,516.3236049186589,358.9050736588465,11.613425185750032,2020/04/05,4109.183338335228,2867.9888317344034,2770.493756565529,97.49507516887432,,,,
4553.0,4821.0,3166.0,3390.0,577.5709448902999,409.2977167961012,13.276860918557944,2020/04/06,4686.754283225528,3277.2865485305047,3166.5146124430726,110.77193608743227,,,,
5182.0,5468.0,3620.0,3860.0,638.1980444491528,462.54363380859195,15.164841225467583,2020/04/07,5324.95232767468,3739.8301823390966,3613.893405026197,125.93677731289985,,,,
5869.0,6173.0,4130.0,4385.0,695.4743688833851,517.3494623195456,17.286387133903915,2020/04/08,6020.4266965580655,4257.179644658642,4113.956480211838,143.22316444680376,,,,
6606.0,6928.0,4693.0,4966.0,746.2249350889933,571.9738316850116,19.64369744535648,2020/04/09,6766.651631647059,4829.153476343654,4666.286614451494,162.86686189216024,,,,
7384.0,7725.0,5309.0,5599.0,787.0640799553094,624.2582770664412,22.23022267419455,2020/04/10,7553.715711602368,5453.411753410095,5268.31466884374,185.0970845663548,,,,
8190.0,8548.0,5972.0,6279.0,814.7422372899582,671.7285106578183,25.029038760017784,2020/04/11,8368.457948892326,6125.140264067913,5915.014140741541,210.12612332637258,,,,
9007.0,9383.0,6675.0,6999.0,826.5690717226935,711.7724128132431,28.011850915947832,2020/04/12,9195.02702061502,6836.912676881157,6598.774702638836,238.1379742423204,,,,
9821.0,10213.0,7409.0,7750.0,820.8438621498244,741.8864745827304,31.138959291405286,2020/04/13,10015.870882764844,7578.799151463887,7309.522217930162,269.2769335337257,,,,
10610.0,11018.0,8160.0,8518.0,797.1962060982223,759.9606900305753,34.36042523842434,2020/04/14,10813.067088863067,8338.759841494462,8035.122482722312,303.63735877215004,,,,
11359.0,11781.0,8917.0,9291.0,756.7432478613009,764.5543977461384,37.618506117741276,2020/04/15,11569.810336724368,9103.3142392406,8762.058374350709,341.2558648898913,,,,
12055.0,12490.0,9664.0,10054.0,702.0047799581625,755.1076649893275,40.85118821721977,2020/04/16,12271.81511668253,9858.421904229928,9476.314851122817,382.1070531071111,,,,
12686.0,13132.0,10389.0,10793.0,636.5782644203864,732.0392970938319,43.99640980868969,2020/04/17,12908.393381102916,10590.46120132376,10164.35773840796,426.1034629158008,,,,
13246.0,13701.0,11080.0,11496.0,564.6437290351132,696.706564048689,46.996397608291716,2020/04/18,13473.03711013803,11287.16776537245,10814.067904848356,473.0998605240925,,,,
13733.0,14195.0,11725.0,12153.0,490.4128810399143,651.2334493920607,49.801501664071566,2020/04/19,13963.449991177944,11938.40121476451,11415.499852576346,522.9013621881641,,,,
14146.0,14617.0,12318.0,12756.0,417.64253831529277,598.2446444246598,52.37301558845843,2020/04/20,14381.092529493237,12536.64585918917,11961.371481412547,575.2743777766225,,,,
14493.0,14969.0,12853.0,13302.0,349.29987825421813,540.5607830238587,54.68468717576059,2020/04/21,14730.392407747455,13077.206642213028,12447.247577260645,629.9590649523831,,,,
14778.0,15259.0,13330.0,13786.0,287.41344432407095,480.91154879551686,56.722881011056415,2020/04/22,15017.805852071526,13558.118191008545,12871.436245045106,686.6819459634395,,,,
15010.0,15493.0,13748.0,14212.0,233.09242427953905,421.70978113564524,58.48558213387048,2020/04/23,15250.898276351065,13979.82797214419,13234.66044404688,745.16752809731,,,,
15195.0,15682.0,14111.0,14580.0,186.6640396116818,364.90857042343487,59.98057625559841,2020/04/24,15437.562315962747,14344.736542567625,13539.588438214716,805.1481043529084,,,,
15341.0,15830.0,14420.0,14894.0,147.8694723153949,311.94231870384283,61.22319020978409,2020/04/25,15585.431788278142,14656.678861271468,13790.307566708776,866.3712945626925,,,,
15456.0,15947.0,14682.0,15160.0,116.06744976135451,263.73756785540354,62.23394230747135,2020/04/26,15701.499238039496,14920.416429126872,13991.811192256708,928.6052368701638,,,,
15546.0,16039.0,14900.0,15383.0,90.41200226227738,220.77198844566738,63.036367823810565,2020/04/27,15791.911240301773,15141.188417572539,14149.546812878565,991.6416046939744,,,,
15615.0,16109.0,15081.0,15567.0,69.98874028970931,183.15931646091303,63.65518360196688,2020/04/28,15861.899980591483,15324.347734033452,14269.05094573751,1055.2967882959413,,,,
15669.0,16164.0,15232.0,15719.0,53.90753084366952,150.74178125388244,64.11486308609142,2020/04/29,15915.807511435152,15475.089515287335,14355.677863905301,1119.4116513820327,,,,
15709.0,16205.0,15354.0,15844.0,41.35741375502403,123.17714059183345,64.43862242528189,2020/04/30,15957.164925190176,15598.266655879168,14414.416382071853,1183.8502738073146,,,,
15742.0,16237.0,15454.0,15945.0,31.63280478263914,100.0129549248577,64.6477733514198,2020/05/01,15988.797729972815,15698.279610804026,14449.78156364529,1248.4980471587344,,,,
15765.0,16261.0,15533.0,16025.0,24.140129203949982,80.74515887196867,64.76137619513861,2020/05/02,16012.937859176765,15779.024769675994,14465.765346322121,1313.259423353873,,,,
15783.0,16280.0,15597.0,16091.0,18.392544207019455,64.86101404787405,64.7961208424299,2020/05/03,16031.330403383785,15843.885783723868,14465.830239527566,1378.055544196303,,,,
15797.0,16294.0,15649.0,16143.0,13.998427342725336,51.86826631510121,64.76636845050848,2020/05/04,16045.32883072651,15895.75405003897,14452.932137392158,1442.8219126468114,,,,
15808.0,16305.0,15690.0,16185.0,10.647443970254244,41.313087932710914,64.6842971841827,2020/05/05,16055.976274696764,15937.06713797168,14429.560928140687,1507.506209830994,,,,
15816.0,16313.0,15722.0,16218.0,8.09651751616002,32.78949518162517,64.5601074488975,2020/05/06,16064.072792212924,15969.856633153306,14397.790315873413,1572.0663172798916,,,,
15822.0,16319.0,15748.0,16245.0,6.156958642068275,25.942676523563932,64.4022538413551,2020/05/07,16070.229750854993,15995.79930967687,14359.330738555624,1636.4685711212467,,,,
15827.0,16324.0,15769.0,16265.0,4.683308078021582,20.46824730760818,64.21768116318071,2020/05/08,16074.913058933014,16016.267556984478,14315.58130470005,1700.6862522844274,,,,
15830.0,16328.0,15784.0,16281.0,3.5640239104159264,16.108994964630256,64.01204993587453,2020/05/09,16078.47708284343,16032.376551949108,14267.678249728806,1764.698302220302,,,,
15833.0,16330.0,15797.0,16294.0,2.7139128010894638,12.650261356346164,63.78994295842085,2020/05/10,16081.19099564452,16045.026813305454,14216.53856812673,1828.4882451787228,,,,
15835.0,16332.0,15806.0,16305.0,2.0680966673062358,9.91476042063914,63.55504880218177,2020/05/11,16083.259092311826,16054.941573726093,14162.898279745188,1892.0432939809045,,,,
15837.0,16334.0,15815.0,16312.0,1.5772719466931449,7.757355661982729,63.31032108372551,2020/05/12,16084.83636425852,16062.698929388076,14107.345314323446,1955.35361506463,,,,
15838.0,16335.0,15820.0,16317.0,1.2040244016843644,6.060118228169813,63.05811422569286,2020/05/13,16086.040388660203,16068.759047616246,14050.347318325923,2018.411729290323,,,,
15839.0,16336.0,15825.0,16322.0,0.9199875267349853,4.7278412888972525,62.80029750213862,2020/05/14,16086.960376186938,16073.486888905143,13992.274862112681,2081.2120267924615,,,,
15840.0,16337.0,15829.0,16326.0,0.7036647007716965,3.684087808789627,62.53834970631169,2020/05/15,16087.66404088771,16077.170976713933,13933.420600215159,2143.750376498773,,,,
15840.0,16338.0,15832.0,16329.0,0.5387675502242928,2.867785038648435,62.27343696002208,2020/05/16,16088.202808437934,16080.038761752581,13874.014948293785,2206.0238134587953,,,,
15840.0,16338.0,15834.0,16331.0,0.4129523822793999,2.230340534229981,62.00647613634919,2020/05/17,16088.615760820214,16082.269102286811,13814.238812691667,2268.0302895951445,,,,
15840.0,16338.0,15835.0,16333.0,0.3168615775430226,1.733233345870758,61.73818619315989,2020/05/18,16088.932622397757,16084.002335632682,13754.233859844378,2329.7684757883044,,,,
15841.0,16338.0,15837.0,16334.0,0.24339752874948317,1.3460246049871785,61.46912947198007,2020/05/19,16089.176019926506,16085.34836023767,13694.110754977384,2391.2376052602845,,,,
15841.0,16338.0,15838.0,16336.0,0.1871732906129182,1.044729714301866,61.19974475169147,2020/05/20,16089.36319321712,16086.393089951971,13633.955739939995,2452.437350011976,,,,
15842.0,16338.0,15839.0,16336.0,0.1440971753327176,0.8104967604595004,60.930373584612425,2020/05/21,16089.507290392452,16087.20358671243,13573.835863115843,2513.3677235965883,,,,
15841.0,16339.0,15840.0,16337.0,0.11105869686434744,0.6285405791441008,60.661281198834786,2020/05/22,16089.618349089316,16087.832127291575,13513.803122496152,2574.029004795423,,,,
15842.0,16339.0,15840.0,16337.0,0.08569116674516408,0.4872879733429727,60.39267302884127,2020/05/23,16089.704040256061,16088.319415264918,13453.897737440653,2634.4216778242644,,,,
15842.0,16338.0,15840.0,16338.0,0.06619209153541306,0.37769534003200533,60.124707754678184,2020/05/24,16089.770232347597,16088.69711060495,13394.150725026007,2694.5463855789426,,,,
15842.0,16339.0,15841.0,16338.0,0.051187305101848324,0.29270634023851017,59.857507556917426,2020/05/25,16089.821419652699,16088.989816945188,13334.585923809329,2754.40389313586,,,,
15841.0,16339.0,15841.0,16339.0,0.03962814823171357,0.2268226094693091,59.591166160547345,2020/05/26,16089.86104780093,16089.216639554657,13275.22158025825,2813.9950592964074,,,,
15842.0,16339.0,15841.0,16338.0,0.030713523001395515,0.17576472976907098,59.3257551372908,2020/05/27,16089.891761323932,16089.392404284426,13216.071589850728,2873.320814433698,,,,
15842.0,16339.0,15841.0,16339.0,0.02383079074024863,0.13620534630899783,59.06132883228156,2020/05/28,16089.915592114672,16089.528609630735,13157.146466364757,2932.3821432659797,,,,
15841.0,16339.0,15842.0,16339.0,0.01851095374513534,0.10555970270070247,58.79792820706598,2020/05/29,16089.934103068417,16089.634169333436,13098.45409786039,2991.1800714730457,,,,
15842.0,16339.0,15842.0,16338.0,0.01439457836386282,0.08182140984354191,58.53558383682184,2020/05/30,16089.948497646781,16089.71599074328,13040.000335433411,3049.7156553098675,,,,
15842.0,16339.0,15841.0,16339.0,0.011205912778677884,0.06343409058172256,58.274318241765286,2020/05/31,16089.95970355956,16089.779424833861,12981.789451282228,3107.989973551633,,,,
15842.0,16339.0,15842.0,16339.0,0.008733167152968235,0.049191094491106924,58.01414770139172,2020/06/01,16089.968436726713,16089.828615928353,12923.824494675328,3166.0041212530246,,,,
15842.0,16339.0,15841.0,16339.0,0.006813507099650451,0.03815736959040805,57.755083662780635,2020/06/02,16089.975250233812,16089.866773297943,12866.107568382138,3223.759204915805,,,,
15842.0,16339.0,15842.0,16338.0,0.005321597860529437,0.029608591645228444,57.49713383452308,2020/06/03,16089.980571831673,16089.896381889588,12808.64004313926,3281.2563387503283,,,,
15841.0,16339.0,15842.0,16339.0,0.00416086813856964,0.022983861839747988,57.24030303452673,2020/06/04,16089.984732699812,16089.919365751428,12751.422723966572,3338.496641784855,,,,
15841.0,16339.0,15841.0,16339.0,0.0032568243659625296,0.01784891445095127,56.98459384799844,2020/06/05,16089.987989524177,16089.937214665879,12694.455979033026,3395.4812356328534,,,,
15842.0,16339.0,15842.0,16339.0,0.002551944235165138,0.013867594228941016,56.73000713654028,2020/06/06,16089.990541468413,16089.951082260108,12637.739839490714,3452.2112427693937,,,,
15842.0,16339.0,15842.0,16339.0,0.0020017622755403863,0.010779715463286266,56.47654243274246,2020/06/07,16089.992543230688,16089.961861975571,12581.274076773436,3508.687785202136,,,,
15842.0,16340.0,15842.0,16340.0,0.0015718687700427836,0.008383898473766749,56.224198245665775,2020/06/08,16089.994115099458,16089.970245874045,12525.058262426242,3564.911983447802,,,,
15842.0,16339.0,15843.0,16339.0,0.0012356072202237556,0.006524274904222693,55.972972297234264,2020/06/09,16089.995350706678,16089.976770148949,12469.091814403913,3620.884955745036,,,,
15842.0,16339.0,15842.0,16339.0,0.0009723061557451729,0.005080197617644444,55.722861705052765,2020/06/10,16089.996323012834,16089.981850346567,12413.374032896478,3676.607817450089,,,,
15842.0,16338.0,15842.0,16339.0,0.0007659175225853687,0.0039582656008860795,55.473863124024774,2020/06/11,16089.997088930357,16089.985808612168,12357.904128038053,3732.0816805741138,,,,
15842.0,16339.0,15841.0,16339.0,0.0006039699255779851,0.0030861610612191726,55.22597285574875,2020/06/12,16089.997692900282,16089.988894773229,12302.681241343365,3787.3076534298625,,,,
15841.0,16339.0,15842.0,16339.0,0.00047676121903350577,0.0024078773021756206,54.97918693320116,2020/06/13,16089.998169661501,16089.991302650531,12247.704462287467,3842.2868403630637,,,,
15842.0,16340.0,15842.0,16339.0,0.0003767357957258355,0.0018800292673404329,54.73350118621602,2020/06/14,16089.998546397297,16089.993182679798,12192.972841130519,3897.0203415492797,,,,
15842.0,16339.0,15842.0,16339.0,0.00029800337324559223,0.0014689976342197042,54.48891129216281,2020/06/15,16089.99884440067,16089.994651677433,12138.48539883599,3951.5092528414425,,,,
15842.0,16339.0,15842.0,16339.0,0.00023596727260155603,0.001148722290963633,54.24541281510619,2020/06/16,16089.999080367943,16089.995800399724,12084.241134743175,4005.7546656565487,,,,
15842.0,16340.0,15842.0,16339.0,0.00018703657769947313,0.0008989945090434048,54.00300123612442,2020/06/17,16089.99926740452,16089.996699394233,12030.239032501559,4059.757666892673,,,,
15841.0,16339.0,15842.0,16339.0,0.0001484034364693798,0.0007041381941235159,53.76167197671566,2020/06/18,16089.999415807957,16089.997403532427,11976.478064663039,4113.519338869389,,,,
15841.0,16339.0,15842.0,16339.0,0.00011786974755523261,0.0005519855913007632,53.52142041698244,2020/06/19,16089.999533677705,16089.997955518018,11922.957196231648,4167.040759286371,,,,
15842.0,16339.0,15842.0,16339.0,9.371264786750544e-05,0.0004330854662839556,53.28224190968194,2020/06/20,16089.999627390353,16089.998388603484,11869.675387407431,4220.323001196053,,,,
15842.0,16339.0,15842.0,16339.0,7.458137406501919e-05,0.00034009929549938533,53.04413179094172,2020/06/21,16089.999701971727,16089.99872870278,11816.631595715786,4273.367132986995,,,,
15841.0,16339.0,15842.0,16340.0,5.9415166106191464e-05,0.00026732073638413567,52.807085388772066,2020/06/22,16089.999761386893,16089.998996023516,11763.82477764775,4326.174218375767,,,,
15842.0,16339.0,15842.0,16339.0,4.7380191972479224e-05,0.00021031086180300917,52.57109802952618,2020/06/23,16089.999808767085,16089.999206334378,11711.253889929085,4378.745316405293,,,,
15842.0,16339.0,15842.0,16339.0,3.782049498113338e-05,0.00016561541269766167,52.33616504288602,2020/06/24,16089.99984658758,16089.99937194979,11658.917890501612,4431.081481448179,,,,
15842.0,16339.0,15842.0,16339.0,3.0219391192076728e-05,0.0001305434252572013,52.10228176576584,2020/06/25,16089.99987680697,16089.999502493216,11606.815739279271,4483.183763213945,,,,
15842.0,16340.0,15842.0,16339.0,2.4169707103283145e-05,0.00010299889981979504,51.86944354525622,2020/06/26,16089.999900976678,16089.999605492116,11554.946398732915,4535.053206759201,,,,
15842.0,16339.0,15842.0,16339.0,1.9350041839061305e-05,8.134637937473599e-05,51.63764574096331,2020/06/27,16089.99992032672,16089.999686838495,11503.308834338332,4586.6908525001645,,,,
15842.0,16339.0,15842.0,16339.0,1.5506549971178174e-05,6.430985013139434e-05,51.40688372675049,2020/06/28,16089.99993583327,16089.999751148345,11451.90201492143,4638.097736226915,,,,
15841.0,16340.0,15841.0,16339.0,1.2438553312676959e-05,5.089271508040838e-05,51.17715289210901,2020/06/29,16089.999948271823,16089.99980204106,11400.724912922036,4689.274889119024,,,,
15842.0,16339.0,15841.0,16339.0,9.987263183575124e-06,4.0316266677109525e-05,50.94844864317565,2020/06/30,16089.999958259086,16089.999842357327,11349.776504595127,4740.2233377622,,,,
15842.0,16339.0,15842.0,16339.0,8.026629075175151e-06,3.1969922929420136e-05,50.720766403564994,2020/07/01,16089.999966285715,16089.99987432725,11299.055770161485,4790.944104165765,,,,
15842.0,16339.0,15842.0,16339.0,6.45698128209915e-06,2.5377305064466782e-05,50.49410161488686,2020/07/02,16089.999972742697,16089.999899704555,11248.561693923904,4841.4382057806515,,,,
15842.0,16339.0,15842.0,16339.0,5.1993338274769485e-06,2.0165920432191342e-05,50.26844973722655,2020/07/03,16089.99997794203,16089.999919870475,11198.293264352596,4891.706655517878,,,,
15842.0,16339.0,15842.0,16339.0,4.190753315924667e-06,1.6042431525420398e-05,50.04380624949681,2020/07/04,16089.999982132784,16089.999935912907,11148.249474145532,4941.750461767375,,,,
15842.0,16339.0,15842.0,16339.0,3.3809465094236657e-06,1.2774929928127676e-05,49.820166649681596,2020/07/05,16089.99998551373,16089.999948687837,11098.429320270781,4991.5706284170565,,,,
15841.0,16339.0,15841.0,16339.0,2.7301721274852753e-06,1.0183663107454777e-05,49.59752645493245,2020/07/06,16089.999988243902,16089.9999588715,11048.83180399951,5041.168154871989,,,,
15842.0,16339.0,15842.0,16339.0,2.2066997189540416e-06,8.12661528470926e-06,49.37588120176406,2020/07/07,16089.999990450602,16089.999966998115,10999.455930924363,5090.544036073753,,,,
15842.0,16339.0,15842.0,16340.0,1.785290805855766e-06,6.4921223383862525e-06,49.15522644640805,2020/07/08,16089.999992235893,16089.999973490238,10950.300710970077,5139.699262520161,,,,
15842.0,16339.0,15842.0,16339.0,1.4460692909779027e-06,5.193647666601464e-06,48.93555776447283,2020/07/09,16089.999993681962,16089.999978683885,10901.36515839925,5188.634820284634,,,,
15842.0,16339.0,15842.0,16339.0,1.171863914350979e-06,4.156707291258499e-06,48.71687074817328,2020/07/10,16089.999994853826,16089.999982840593,10852.648291807785,5237.351691032807,,,,
15842.0,16339.0,15842.0,16339.0,9.506038622930646e-07,3.3306841942248866e-06,48.499161013924095,2020/07/11,16089.99999580443,16089.999986171277,10804.149134124546,5285.850852046731,,,,
15842.0,16339.0,15842.975000000002,16339.0,7.718990673311055e-07,2.672131813596934e-06,48.28242419491653,2020/07/12,16089.999996576329,16089.999988843409,10755.86671260176,5334.133276241648,,,,
15841.0,16339.0,15841.0,16339.0,6.27353074378334e-07,2.146249244106002e-06,48.06665594303195,2020/07/13,16089.999997203682,16089.999990989658,10707.800058804978,5382.19993218468,,,,
15842.0,16339.0,15842.0,16339.0,5.103756848257035e-07,1.7257734725717455e-06,47.851851931938654,2020/07/14,16089.999997714058,16089.999992715431,10659.948208598813,5430.051784116618,,,,
15842.0,16339.0,15842.0,16339.0,4.1572457121219486e-07,1.3895987649448216e-06,47.63800785482363,2020/07/15,16089.999998129782,16089.99999410503,10612.310202133587,5477.689791971442,,,,
15842.0,16339.0,15842.0,16339.0,3.385030140634626e-07,1.1181255104020238e-06,47.42511941358407,2020/07/16,16089.999998468285,16089.999995223156,10564.88508383813,5525.114911385026,,,,
15842.0,16339.0,15842.0,16339.0,2.760989445960149e-07,9.017639968078583e-07,47.213182346500616,2020/07/17,16089.999998744384,16089.99999612492,10517.671902393393,5572.328093731527,,,,
15841.0,16339.0,15842.0,16339.0,2.2542917577084154e-07,7.283124432433397e-07,47.00219240032584,2020/07/18,16089.999998969814,16089.999996853232,10470.66971072138,5619.3302861318525,,,,
15842.0,16339.0,15842.0,16339.0,1.8419268599245697e-07,5.88857801631093e-07,46.79214533821414,2020/07/19,16089.999999154006,16089.99999744209,10423.877565972023,5666.122431470067,,,,
15842.0,16339.0,15842.0,16339.0,1.5071964298840612e-07,4.768844519276172e-07,46.58303695536779,2020/07/20,16089.999999304726,16089.999997918974,10377.29452949354,5712.705468425434,,,,
15842.0,16340.0,15841.0,16340.0,1.2334385246504098e-07,3.8604957808274776e-07,46.37486316926697,2020/07/21,16089.99999942807,16089.999998305024,10330.919666710322,5759.080331594701,,,,
15841.0,16339.0,15842.0,16339.0,1.0101030056830496e-07,3.1281160772778094e-07,46.167619316274795,2020/07/22,16089.99999952908,16089.999998617835,10284.75204770686,5805.247950910976,,,,
15842.0,16339.0,15841.0,16339.0,8.272400009445846e-08,2.5351437216158956e-07,45.961300967568604,2020/07/23,16089.999999611804,16089.99999887135,10238.790746992805,5851.209251878545,,,,
15842.0,16339.0,15841.0,16339.0,6.783557182643563e-08,2.0580773707479239e-07,45.755905055940275,2020/07/24,16089.99999967964,16089.999999077158,10193.034842142672,5896.965156934485,,,,
15842.0,16339.0,15842.0,16339.0,5.576657713390887e-08,1.6762351151555777e-07,45.55142774484011,2020/07/25,16089.999999735406,16089.999999244781,10147.483414565457,5942.516584679325,,,,
15842.0,16339.0,15841.0,16339.0,4.580397217068821e-08,1.3646058505401015e-07,45.34786284714755,2020/07/26,16089.99999978121,16089.999999381242,10102.135551854768,5987.864447526473,,,,
15842.0,16339.0,15842.0,16339.0,3.794593794737011e-08,1.1226984497625381e-07,45.145210132751345,2020/07/27,16089.999999819156,16089.999999493511,10056.990341834287,6033.009657659224,,,,
15842.0,16339.0,15842.0,16339.0,3.11902113026008e-08,9.141695045400411e-08,44.943460272507764,2020/07/28,16089.999999850346,16089.999999584928,10012.046881653197,6077.953117931732,,,,
15841.0,16339.0,15842.0,16338.0,2.57914507528767e-08,7.48950697015971e-08,44.74261490457593,2020/07/29,16089.999999876138,16089.999999659824,9967.304266823516,6122.695732836308,,,,
15842.0,16339.0,15843.0,16339.0,2.120759745594114e-08,6.088339432608336e-08,44.542664215896366,2020/07/30,16089.999999897345,16089.999999720707,9922.761602668503,6167.238397052204,,,,
15843.0,16340.0,15842.0,16340.0,1.752960088197142e-08,4.974208422936499e-08,44.343609770174226,2020/07/31,16089.999999914875,16089.999999770449,9878.41799294807,6211.582006822378,,,,
15842.0,16339.0,15842.0,16339.0,1.44427758641541e-08,4.051435098517686e-08,44.145442415257094,2020/08/01,16089.999999929318,16089.999999810963,9834.272550573329,6255.7274492376355,,,,
15842.0,16339.0,15841.0,16340.0,1.1956217349506915e-08,3.325476427562535e-08,43.948162668721125,2020/08/02,16089.999999941274,16089.999999844218,9790.32438793786,6299.675611906357,,,,
15842.0,16339.0,15841.0,16339.0,9.89530235528946e-09,2.7295754989609122e-08,43.75176320763785,2020/08/03,16089.99999995117,16089.999999871514,9746.572624757518,6343.4273751139945,,,,
15842.0,16339.0,15842.0,16340.0,8.192728273570538e-09,2.243723429273814e-08,43.55624196867484,2020/08/04,16089.999999959362,16089.999999893951,9703.016382811282,6386.983617082669,,,,
15842.0,16338.0,15843.0,16339.0,6.803020369261503e-09,1.8504579202271998e-08,43.361594839719146,2020/08/05,16089.999999966165,16089.999999912456,9659.654787990068,6430.345211922388,,,,
15841.0,16339.0,15842.0,16339.0,5.62795321457088e-09,1.516673364676535e-08,43.1678163683755,2020/08/06,16089.999999971793,16089.999999927622,9616.48697163686,6473.513028290764,,,,
15842.0,16340.0,15842.0,16339.0,4.685716703534126e-09,1.2503733159974217e-08,42.97490583732633,2020/08/07,16089.999999976479,16089.999999940126,9573.512065812036,6516.48793412809,,,,
15841.0,16339.0,15842.0,16339.0,3.881723387166858e-09,1.0248186299577355e-08,42.78285489105838,2020/08/08,16089.99999998036,16089.999999950374,9530.729210931226,6559.270789019149,,,,
15842.0,16339.0,15841.0,16339.0,3.2287061912938952e-09,8.449205779470503e-09,42.59166345837548,2020/08/09,16089.999999983589,16089.999999958824,9488.1375474813,6601.862452477524,,,,
15842.0,16339.0,15842.0,16339.0,2.6539055397734046e-09,6.884874892421067e-09,42.401317811711124,2020/08/10,16089.999999986243,16089.999999965708,9445.736229676473,6644.263770289235,,,,
15842.0,16339.0,15842.0,16339.0,2.1991581888869405e-09,5.682522896677256e-09,42.21182602699537,2020/08/11,16089.999999988442,16089.999999971391,9403.52440365516,6686.475596316231,,,,
15842.0,16339.0,15842.0,16339.0,1.875378075055778e-09,4.867615643888712e-09,42.02318924338215,2020/08/12,16089.999999990318,16089.999999976259,9361.501214416647,6728.498785559613,,,,
15842.0,16339.0,15842.0,16340.0,1.6552803572267294e-09,4.3655745685100555e-09,41.835402983992026,2020/08/13,16089.999999991973,16089.999999980624,9319.665811437018,6770.334188543605,,,,
15842.0,16339.0,15842.0,16339.0,1.3988028513267636e-09,3.728928277269006e-09,41.64843952412048,2020/08/14,16089.999999993372,16089.999999984353,9278.017371916627,6811.982628067725,,,,
15842.0,16339.0,15842.0,16339.0,1.1750671546906233e-09,3.1723175197839737e-09,41.4623117079791,2020/08/15,16089.999999994547,16089.999999987525,9236.55506021182,6853.444939775704,,,,
15842.0,16339.0,15842.0,16339.0,9.968061931431293e-10,2.7430360205471516e-09,41.27702317412695,2020/08/16,16089.999999995543,16089.999999990268,9195.278037040436,6894.721962949831,,,,
15842.0,16339.0,15841.0,16339.0,8.585629984736443e-10,2.4265318643301725e-09,41.092571406328716,2020/08/17,16089.999999996402,16089.999999992695,9154.185465636536,6935.81453435616,,,,
15842.0,16339.0,15842.0,16339.0,7.166818249970675e-10,2.026354195550084e-09,40.90892925200842,2020/08/18,16089.999999997119,16089.999999994721,9113.276536386553,6976.7234636081685,,,,
15842.0,16339.0,15843.0,16339.0,5.802576197311282e-10,1.6007106751203537e-09,40.72610569714743,2020/08/19,16089.999999997699,16089.999999996322,9072.550430691006,7017.449569305316,,,,
15842.0,16339.0,15842.0,16339.0,4.5656634029001e-10,1.1896190699189901e-09,40.54410608465423,2020/08/20,16089.999999998156,16089.999999997512,9032.00632460754,7057.99367538997,,,,
15842.0,16340.0,15842.0,16339.0,3.601599019020796e-10,8.712959242984653e-10,40.36289578287051,2020/08/21,16089.999999998516,16089.999999998383,8991.643428825542,7098.356571172841,,,,
15841.0,16339.0,15842.0,16339.0,2.710294211283326e-10,4.347384674474597e-10,40.18257318770975,2020/08/22,16089.999999998787,16089.999999998818,8951.460855638266,7138.53914436055,,,,
15842.0,16340.0,15842.0,16339.0,2.0736479200422764e-10,2.1100277081131935e-10,40.0029801357141,2020/08/23,16089.999999998994,16089.999999999029,8911.457875502765,7178.5421244962645,,,,
15842.0,16340.0,15842.0,16339.0,1.6189005691558123e-10,1.4551915228366852e-11,39.82420455890133,2020/08/24,16089.999999999156,16089.999999999043,8871.633670943876,7218.366329055166,,,,
15842.0,16339.0,15842.0,16340.0,1.291482476517558e-10,-1.4551915228366852e-10,39.64624252984322,2020/08/25,16089.999999999285,16089.999999998898,8831.98742841389,7258.012571585009,,,,
15842.0,16339.0,15841.0,16339.0,1.0913936421275139e-10,-2.7284841053187847e-10,39.46907323363121,2020/08/26,16089.999999999394,16089.999999998625,8792.518355179986,7297.48164481864,,,,
15842.0,16339.0,15841.0,16339.0,9.094947017729282e-11,-3.637978807091713e-10,39.29269178823415,2020/08/27,16089.999999999485,16089.999999998261,8753.225663391386,7336.774336606874,,,,
15841.0,16338.0,15842.0,16339.0,8.003553375601768e-11,-4.0745362639427185e-10,39.11710052275339,2020/08/28,16089.999999999565,16089.999999997854,8714.108562868227,7375.891437129628,,,,
15841.0,16338.0,15841.0,16339.0,8.185452315956354e-11,-3.9472070056945086e-10,38.94229429799907,2020/08/29,16089.999999999647,16089.999999997459,8675.166268569832,7414.833731427627,,,,
15842.0,16339.0,15842.0,16339.0,8.731149137020111e-11,-3.219611244276166e-10,38.7682679747777,2020/08/30,16089.999999999734,16089.999999997137,8636.398000594732,7453.6019994024045,,,,
15842.0,16339.0,15842.0,16339.0,1.0186340659856796e-10,-1.8189894035458565e-10,38.59501641390034,2020/08/31,16089.999999999836,16089.999999996955,8597.80298418065,7492.197015816305,,,,
15842.0,16339.0,15842.0,16339.0,1.1641532182693481e-10,2.546585164964199e-11,38.42253500410334,2020/09/01,16089.999999999953,16089.99999999698,8559.380449176573,7530.619550820408,,,,
15842.0,16339.0,15842.0,16340.0,1.291482476517558e-10,2.455635694786906e-10,38.25083107427872,2020/09/02,16090.000000000082,16089.999999997226,8521.12961810254,7568.870381894687,,,,
15842.0,16339.0,15842.0,16339.0,1.2732925824820995e-10,4.856701707467437e-10,38.079897831890776,2020/09/03,16090.00000000021,16089.999999997712,8483.049720271134,7606.950279726578,,,,
15842.0,16338.0,15841.0,16339.0,1.255102688446641e-10,7.73070496506989e-10,37.90972727204644,2020/09/04,16090.000000000335,16089.999999998485,8445.13999299986,7644.860006998624,,,,
15842.0,16339.0,15841.0,16339.0,1.127773430198431e-10,1.1041265679523349e-09,37.74031523552094,2020/09/05,16090.000000000447,16089.999999999589,8407.399677765443,7682.600322234145,,,,
15842.0,16339.0,15842.0,16339.0,8.913048077374697e-11,1.4806573744863272e-09,37.57165756308859,2020/09/06,16090.000000000537,16090.00000000107,8369.828020203837,7720.171979797234,,,,
15842.0,16339.0,15842.0,16339.0,5.638867150992155e-11,1.9081198843196034e-09,37.40375009552645,2020/09/07,16090.000000000593,16090.000000002978,8332.424270110218,7757.57572989276,,,,
15842.0,16339.0,15842.0,16339.0,7.275957614183426e-12,2.3028405848890543e-09,37.23658911826533,2020/09/08,16090.0000000006,16090.00000000528,8295.187680994255,7794.8123190110255,,,,
15842.0,16339.0,15842.0,16339.0,-4.18367562815547e-11,1.2623786460608244e-09,37.07017873562472,2020/09/09,16090.000000000558,16090.000000006543,8258.117502259893,7831.88249774665,,,,
15842.0,16339.0,15842.0,16339.0,-8.003553375601768e-11,-1.5734258340671659e-09,36.9045192661215,2020/09/10,16090.000000000478,16090.00000000497,8221.212982992198,7868.787017012772,,,,
15842.0,16339.0,15842.0,16339.0,-8.003553375601768e-11,-2.2882886696606874e-09,36.73959840449061,2020/09/11,16090.000000000398,16090.000000002681,8184.473384585419,7905.526615417262,,,,
15842.0,16339.0,15842.0,16339.0,-5.093170329928398e-11,-1.000444171950221e-09,36.57541291722555,2020/09/12,16090.000000000347,16090.00000000168,8147.897971667193,7942.102028334488,,,,
15842.0,16339.0,15842.0,16339.0,-4.001776687800884e-11,-8.36735125631094e-11,36.411961851069464,2020/09/13,16090.000000000307,16090.000000001597,8111.48600981604,7978.513990185557,,,,
15841.0,16339.0,15842.0,16339.0,-3.8198777474462986e-11,3.3651303965598345e-10,36.24924123978872,2020/09/14,16090.00000000027,16090.000000001934,8075.236768576588,8014.763231425346,,,,
15842.0,16339.0,15842.0,16339.0,-3.637978807091713e-11,-3.6925484891980886e-10,36.08724813974004,2020/09/15,16090.000000000233,16090.000000001564,8039.149520436478,8050.850479565086,,,,
15842.0,16338.0,15842.0,16339.0,-3.092281986027956e-11,-6.439222488552332e-10,35.92597796033442,2020/09/16,16090.000000000202,16090.00000000092,8003.2235424755,8086.7764575254205,,,,
15842.0,16339.0,15842.0,16339.0,-2.3646862246096134e-11,-4.765752237290144e-10,35.76542924812202,2020/09/17,16090.000000000178,16090.000000000444,7967.458113226901,8122.5418867735425,,,,
15842.0,16339.0,15841.0,16339.0,-2.3646862246096134e-11,-1.509761204943061e-10,35.60559764516893,2020/09/18,16090.000000000155,16090.000000000293,7931.852515581581,8158.147484418711,,,,
15842.0,16339.0,15842.0,16339.0,-1.8189894035458565e-11,1.2732925824820995e-10,35.44648039259209,2020/09/19,16090.000000000136,16090.00000000042,7896.406035189117,8193.593964811304,,,,
15842.0,16339.0,15842.0,16339.0,-1.4551915228366852e-11,3.8198777474462986e-11,35.28807457074072,2020/09/20,16090.000000000122,16090.000000000458,7861.117960618414,8228.882039382044,,,,
15842.0,16339.0,15841.0,16339.0,-1.4551915228366852e-11,-5.820766091346741e-11,35.13037612681728,2020/09/21,16090.000000000107,16090.0000000004,7825.987584491539,8264.012415508862,,,,
15842.0,16339.0,15842.0,16339.0,-1.2732925824820995e-11,-1.1641532182693481e-10,34.973383166407075,2020/09/22,16090.000000000095,16090.000000000284,7791.014201325015,8298.985798675269,,,,
15842.0,16339.0,15842.0,16339.0,-9.094947017729282e-12,-8.731149137020111e-11,34.817091070857714,2020/09/23,16090.000000000085,16090.000000000196,7756.19711025407,8333.802889746126,,,,
15842.0,16340.0,15842.0,16339.0,-7.275957614183426e-12,-3.2741809263825417e-11,34.661497812609014,2020/09/24,16090.000000000078,16090.000000000164,7721.535612441428,8368.464387558735,,,,
15842.0,16339.0,15842.0,16339.0,-9.094947017729282e-12,-1.4551915228366852e-11,34.50659981915851,2020/09/25,16090.00000000007,16090.00000000015,7687.029012622255,8402.970987377894,,,,
15842.0,16340.0,15841.0,16339.0,-5.4569682106375694e-12,-7.275957614183426e-12,34.35239383157386,2020/09/26,16090.000000000064,16090.000000000142,7652.676618790674,8437.323381209468,,,,
15842.0,16340.0,15842.0,16339.0,-5.4569682106375694e-12,-1.8189894035458565e-11,34.19887752801151,2020/09/27,16090.000000000058,16090.000000000124,7618.4777412626445,8471.52225873748,,,,
15842.0,16339.0,15842.0,16339.0,-3.637978807091713e-12,-2.000888343900442e-11,34.04604646651387,2020/09/28,16090.000000000055,16090.000000000104,7584.431694796111,8505.568305203993,,,,
15842.0,16339.0,15842.0,16340.0,-5.4569682106375694e-12,-1.8189894035458565e-11,33.89389912031402,2020/09/29,16090.00000000005,16090.000000000085,7550.537795675778,8539.462204324307,,,,
15841.0,16338.0,15842.0,16339.0,-3.637978807091713e-12,-1.2732925824820995e-11,33.74243139256214,2020/09/30,16090.000000000045,16090.000000000073,7516.7953642832035,8573.20463571687,,,,
15842.0,16339.0,15842.0,16339.0,-5.4569682106375694e-12,-7.275957614183426e-12,33.59164011352368,2020/10/01,16090.00000000004,16090.000000000065,7483.203724169673,8606.796275830393,,,,
15842.0,16338.0,15842.0,16339.0,1.8189894035458565e-12,7.275957614183426e-12,33.441521213153464,2020/10/02,16090.000000000042,16090.000000000073,7449.762202956526,8640.237797043546,,,,
15842.0,16339.0,15842.0,16339.0,-3.637978807091713e-12,1.0913936421275139e-11,33.2920747000353,2020/10/03,16090.000000000038,16090.000000000084,7416.470128256502,8673.529871743582,,,,
15842.0,16339.0,15842.0,16339.0,-3.637978807091713e-12,1.8189894035458565e-11,33.14329711850769,2020/10/04,16090.000000000035,16090.000000000102,7383.3268311380125,8706.67316886209,,,,
15842.0,16339.0,15842.0,16339.0,1.8189894035458565e-12,2.546585164964199e-11,32.995184946217705,2020/10/05,16090.000000000036,16090.000000000127,7350.33164619182,8739.668353808307,,,,
15842.0,16340.0,15842.0,16339.0,-5.4569682106375694e-12,2.000888343900442e-11,32.84773466081606,2020/10/06,16090.000000000031,16090.000000000147,7317.483911531024,8772.516088469123,,,,
15842.0,16339.0,15842.0,16339.0,0.0,1.6370904631912708e-11,32.7009427691446,2020/10/07,16090.000000000031,16090.000000000164,7284.782968761896,8805.217031238268,,,,
15841.0,16339.0,15842.0,16339.0,-1.8189894035458565e-12,7.275957614183426e-12,32.554808027880426,2020/10/08,16090.00000000003,16090.000000000171,7252.228160734023,8837.771839266148,,,,
15842.0,16338.0,15843.0,16339.0,0.0,-7.275957614183426e-12,32.40932719061675,2020/10/09,16090.00000000003,16090.000000000164,7219.818833543399,8870.181166456765,,,,
15842.0,16339.0,15842.0,16339.0,-1.8189894035458565e-12,-2.9103830456733704e-11,32.26449590651646,2020/10/10,16090.000000000027,16090.000000000135,7187.554337636853,8902.445662363281,,,,
15842.0,16339.0,15842.0,16339.0,0.0,-5.820766091346741e-11,32.120310863219856,2020/10/11,16090.000000000027,16090.000000000076,7155.434026773575,8934.565973226501,,,,
15841.0,16339.0,15843.0,16339.0,0.0,-9.822542779147625e-11,31.97676874838544,2020/10/12,16090.000000000027,16089.999999999978,7123.4572580250915,8966.542741974887,,,,
15842.0,16339.0,15842.0,16339.0,0.0,-1.4733814168721437e-10,31.83386624965715,2020/10/13,16090.000000000027,16089.99999999983,7091.623391775287,8998.376608224544,,,,
15842.0,16339.0,15842.0,16339.0,0.0,-2.091837814077735e-10,31.69160062092851,2020/10/14,16090.000000000027,16089.999999999622,7059.931791154149,9030.068208845472,,,,
15842.0,16339.0,15842.0,16339.0,-1.8189894035458565e-12,-2.582964953035116e-10,31.54997402245135,2020/10/15,16090.000000000025,16089.999999999363,7028.38181713144,9061.618182867924,,,,
15842.0,16339.0,15842.0,16339.0,-1.8189894035458565e-12,-3.055902197957039e-10,31.40898136089163,2020/10/16,16090.000000000024,16089.999999999058,6996.972835770242,9093.027164228815,,,,
15842.0,16339.0,15842.0,16340.0,3.637978807091713e-12,-3.4924596548080444e-10,31.268618725898705,2020/10/17,16090.000000000027,16089.999999998709,6965.7042170439945,9124.295782954714,,,,
15842.0,16339.0,15842.0,16339.0,-1.8189894035458565e-12,-4.001776687800884e-10,31.128883228982886,2020/10/18,16090.000000000025,16089.999999998308,6934.575333814611,9155.424666183697,,,,
15842.0,16339.0,15842.0,16339.0,0.0,-4.474713932722807e-10,30.989771981667218,2020/10/19,16090.000000000025,16089.99999999786,6903.585561832497,9186.414438165364,,,,
15842.0,16338.0,15842.0,16339.0,0.0,-4.94765117764473e-10,30.851282095467468,2020/10/20,16090.000000000025,16089.999999997366,6872.7342797365345,9217.265720260832,,,,
15842.0,16339.0,15841.0,16339.0,1.8189894035458565e-12,-5.293259164318442e-10,30.713411007758623,2020/10/21,16090.000000000027,16089.999999996837,6842.020868728247,9247.97913126859,,,,
15842.0,16340.0,15842.0,16339.0,0.0,-5.329638952389359e-10,30.576156796565556,2020/10/22,16090.000000000027,16089.999999996304,6811.444711931148,9278.555288065156,,,,
15841.0,16339.0,15841.0,16339.0,-1.8189894035458565e-12,-5.147740012034774e-10,30.439516006248596,2020/10/23,16090.000000000025,16089.999999995789,6781.005195924385,9308.994804071404,,,,
15842.0,16339.0,15842.0,16339.0,0.0,-4.711182555183768e-10,30.30348577150653,2020/10/24,16090.000000000025,16089.999999995318,6750.701710152407,9339.29828984291,,,,
15842.0,16339.0,15842.0,16339.0,0.0,-4.0381564758718014e-10,30.168063287859695,2020/10/25,16090.000000000025,16089.999999994914,6720.5336468641435,9369.46635313077,,,,
15842.0,16339.0,15842.0,16339.0,0.0,-3.092281986027956e-10,30.033245750839342,2020/10/26,16090.000000000025,16089.999999994605,6690.500401112995,9399.49959888161,,,,
15841.0,16339.0,15842.0,16339.0,-1.8189894035458565e-12,-1.8553691916167736e-10,29.899030355967625,2020/10/27,16090.000000000024,16089.99999999442,6660.601370756842,9429.398629237578,,,,
15842.0,16339.0,15842.0,16339.0,3.637978807091713e-12,-1.000444171950221e-10,29.765540553789833,2020/10/28,16090.000000000027,16089.99999999432,6630.835830202952,9459.164169791367,,,,
15842.0,16340.0,15842.0,16339.0,-1.8189894035458565e-12,1.6916601452976465e-10,29.63233033583674,2020/10/29,16090.000000000025,16089.999999994488,6601.203499867284,9488.796500127204,,,,
15841.0,16339.0,15842.0,16340.0,0.0,3.510649548843503e-10,29.49993823706609,2020/10/30,16090.000000000025,16089.99999999484,6571.703561630569,9518.29643836427,,,,
15842.0,16339.0,15842.0,16338.0,0.0,5.657057045027614e-10,29.36812621325589,2020/10/31,16090.000000000025,16089.999999995405,6542.335435417879,9547.664564577526,,,,
