Date,Predict_confirm,Predict_actual,Dailynew_confirm,Dailynew_actual,Remove,Dailynew_remove,Remain_confirm,Confirm_interval_down,Confirm_interval_up,Actual_interval_down,Actual_interval_up,ADate,Official_confirmed,Official_dailynew,Official_remove,Official_cure
2020/03/06,163.0,489.0,0.0,0.0,10.0,0.0,153.0,138.0,189.0,446.0,533.0,2020-03-06,163.0,0.0,10.0,8.0
2020/03/07,276.505120162255,509.9714208935219,113.50512016225503,20.971420893521895,10.361462730358381,0.3614627303583813,266.14365743189666,244.0,310.0,466.0,555.0,2020-03-07,206.0,43.0,20.0,18.0
2020/03/08,365.0810508671289,565.4892013604058,88.57593070487388,55.51778046688389,10.890344035166084,0.5288813048077028,354.1907068319628,328.0,403.0,519.0,613.0,2020-03-08,273.0,67.0,21.0,18.0
2020/03/09,447.80143582634804,650.2877639529364,82.72038495921913,84.79856259253063,11.561656466824413,0.671312431658329,436.23977935952365,407.0,490.0,601.0,701.0,2020-03-09,321.0,48.0,22.0,18.0
2020/03/10,536.483951014347,764.3045666596863,88.68251518799894,114.0168027067499,12.375944224878712,0.8142877580542986,524.1080067894683,491.0,582.0,711.0,819.0,2020-03-10,382.0,61.0,24.0,18.0
2020/03/11,639.5542271946756,910.842630746442,103.07027618032862,146.53806408675564,13.350536241712456,0.9745920168337445,626.2036909529631,590.0,690.0,852.0,970.0,2020-03-11,450.0,68.0,24.0,18.0
2020/03/12,764.1689489904086,1095.7241642423596,124.61472179573298,184.88153349591767,14.515735568152836,1.16519932644038,749.6532134222557,711.0,819.0,1032.0,1161.0,2020-03-12,590.0,140.0,24.0,18.0
2020/03/13,917.4363280025977,1326.980978772421,153.26737901218917,231.25681453006132,15.913768775128766,1.3980332069759296,901.522559227469,859.0,977.0,1256.0,1399.0,2020-03-13,798.0,208.0,28.0,18.0
2020/03/14,1107.1741938283649,1614.834343476115,189.73786582576713,287.85336470369407,17.59937240126032,1.685603626131556,1089.5748214271046,1042.0,1173.0,1537.0,1694.0,2020-03-14,1140.0,342.0,39.0,18.0
2020/03/15,1342.4333760756074,1971.8217118821235,235.2591822472425,356.9873684060085,19.641443696850423,2.0420712955901017,1322.7919323787569,1271.0,1415.0,1885.0,2059.0,2020-03-15,1372.0,232.0,53.0,18.0
2020/03/16,1633.8979654572524,2412.9747748690543,291.46458938164506,441.15306298693076,22.125462280624262,2.484018583773839,1611.772503176628,1555.0,1714.0,2317.0,2510.0,2020-03-16,1543.0,171.0,75.0,20.0
2020/03/17,1994.2067178084678,2955.9661303511834,360.3087523512154,542.9913554821292,25.15651740006798,3.0310551194437174,1969.0502004083999,1907.0,2082.0,2850.0,3063.0,2020-03-17,1950.0,407.0,109.0,53.0
2020/03/18,2438.195574527987,3621.132947724945,443.98885671951916,665.1668173737617,28.862811237617485,3.706293837549506,2409.3327632903697,2342.0,2535.0,3504.0,3740.0,2020-03-18,2626.0,676.0,157.0,53.0
2020/03/19,2983.0262903503162,4431.262909055333,544.8307158223292,810.1299613303877,33.39947862037101,4.536667382753528,2949.626811729945,2876.0,3091.0,4301.0,4562.0,2020-03-19,3269.0,643.0,197.0,53.0
2020/03/20,3648.1334443081196,5410.996931298875,665.1071539578033,979.7340222435423,38.952475977787,5.55299735741599,3609.1809683303327,3530.0,3767.0,5268.0,5555.0,2020-03-20,3983.0,714.0,244.0,67.0
2020/03/21,4454.890778258415,6585.67675294609,806.7573339502951,1174.6798216472152,45.742152030839605,6.789676053052602,4409.148626227575,4324.0,4586.0,6427.0,6745.0,2020-03-21,5066.0,1083.0,244.0,67.0
2020/03/22,5425.870638050216,7979.458774750847,970.9798597918016,1393.7820218047564,54.02591951454813,8.283767483708523,5371.844718535668,5282.0,5571.0,7805.0,8154.0,2020-03-22,5741.0,675.0,349.0,67.0
2020/03/23,6650.0,9679.000292086665,1224.1293619497837,1699.5415173358178,470.0,415.97408048545185,6180.0,6491.0,6810.0,9486.0,9872.0,2020-03-23,6650.0,909.0,470.0,135.0
2020/03/24,8005.561121651272,11513.504842492328,1355.5611216512716,1834.5045504056634,481.6128627895363,11.61286278953628,7523.948258861736,7831.0,8182.0,11304.0,11724.0,,,,,
2020/03/25,9570.559587861306,13603.475088279602,1564.9984662100342,2089.9702457872736,495.6821010096965,14.06923822016023,9074.877486851608,9379.0,9763.0,13375.0,13832.0,,,,,
2020/03/26,11358.237287327796,15933.190615169291,1787.6776994664906,2329.7155268896895,512.5719942878584,16.88989327816188,10845.665293039938,11150.0,11568.0,15686.0,16181.0,,,,,
2020/03/27,13368.83856608843,18469.04229497475,2010.6012787606342,2535.8516798054607,532.6579372519112,20.085942964052833,12836.180628836519,13142.0,13596.0,18203.0,18736.0,,,,,
2020/03/28,15587.494281272617,21157.499806692773,2218.655715184186,2688.457511718021,556.3025562165641,23.644618964652864,15031.191725056053,15343.0,15833.0,20873.0,21443.0,,,,,
2020/03/29,17982.735342235876,23926.525140722595,2395.241060963259,2769.0253340298223,583.828644248029,27.52608803146495,17398.906697987848,17720.0,18246.0,23624.0,24230.0,,,,,
2020/03/30,20506.71346610973,26690.975287210396,2523.978123873854,2764.4501464878012,615.4909327500206,31.66228850199161,19891.22253335971,20227.0,20788.0,26371.0,27012.0,,,,,
2020/03/31,23097.855147741226,29361.533052547347,2591.141681631496,2670.557765336951,651.4502868832506,35.95935413322991,22446.404860857976,22800.0,23396.0,29026.0,29698.0,,,,,
2020/04/01,25686.04619389842,31855.472133057592,2588.1910461571933,2493.939080510245,691.7546387147863,40.30435183153577,24994.291555183634,25373.0,26000.0,31506.0,32206.0,,,,,
2020/04/02,28199.6593579064,34106.70265378257,2513.6131640079802,2251.230520724981,736.3304693365163,44.575830621730006,27463.328888569882,27871.0,28529.0,33745.0,34469.0,,,,,
2020/04/03,30573.082479548746,36072.59506448985,2373.423121642347,1965.8924107072744,784.9868793397305,48.656410003214205,29788.095600209017,30231.0,30916.0,35701.0,36446.0,,,,,
2020/04/04,32753.17698064503,37736.12561581226,2180.0945010962823,1663.5305513224157,837.431736087879,52.44485674814848,31915.74524455715,32399.0,33108.0,37356.0,38117.0,,,,,
2020/04/05,34703.41283399638,39103.43685483716,1950.2358533513507,1367.3112390248934,893.2969175050507,55.8651814171717,33810.115916491326,34339.0,35069.0,38716.0,39492.0,,,,,
2020/04/06,36405.13871529149,40198.216212820254,1701.7258812951113,1094.7793579830977,952.1681180937704,58.87120058871972,35452.97059719772,36031.975000000006,36779.0,39806.0,40591.0,,,,,
2020/04/07,37856.23109980456,41054.844492340584,1451.0923845130674,856.6282795203297,1013.6144526557796,61.446334562009156,36842.61664714878,37474.0,38238.0,40658.0,41452.0,,,,,
2020/04/08,39067.92129337447,41712.024097470785,1211.6901935699134,657.1796051302008,1077.2140336551174,63.59958099933783,37990.707259719355,38681.0,39456.0,41311.0,42113.0,,,,,
2020/04/09,40060.78989188187,42207.90698120475,992.8685985073971,495.8828837339679,1142.5732748472976,65.3592411921802,38918.21661703457,39669.0,40453.0,41806.0,42611.0,,,,,
2020/04/10,40860.793233550685,42577.017482220595,800.0033416688166,369.1105010158426,1209.339286169382,66.7660113220843,39651.453947381306,40465.0,41257.0,42173.0,42981.0,,,,,
2020/04/11,41495.89320192063,42848.76174339827,635.0999683699483,271.74426117767143,1277.2059574875846,67.86667131820263,40218.68724443305,41097.0,41896.0,42444.0,43255.0,,,,,
2020/04/12,41993.54863792767,43047.08981647127,497.65543600703677,198.3280730730039,1345.915025801402,68.7090683138174,40647.633612126265,41593.0,42396.0,42641.0,43453.0,,,,,
2020/04/13,42379.083850742485,43190.85957378429,385.53521281481517,143.76975731302082,1415.2536375831921,69.33861178179018,40963.83021315929,41976.0,42783.0,42784.0,43599.0,,,,,
2020/04/14,42674.805855780716,43294.54193235227,295.72200503823115,103.68235856798128,1485.0498056837982,69.79616810060611,41189.75605009692,42271.0,43080.0,42888.0,43702.0,,,,,
2020/04/15,42899.68463952981,43369.02537934753,224.87878374909633,74.48344699525478,1555.1668807987216,70.11707511492341,41344.51775873109,42494.0,43306.0,42961.0,43778.0,,,,,
2020/04/16,43069.411116343166,43422.38125611692,169.72647681335366,53.355876769390306,1625.4978348197926,70.33095402107097,41443.913281523375,42664.0,43477.0,43015.0,43831.0,,,,,
2020/04/17,43196.67770716771,43460.525299793546,127.26659082454717,38.144043676627916,1695.9598604068785,70.46202558708592,41500.71784676083,42789.0,43604.0,43052.0,43870.0,,,,,
2020/04/18,43291.56622464393,43487.75663242591,94.88851747621811,27.231332632363774,1766.4895606123116,70.52970020543307,41525.07666403162,42883.0,43699.0,43079.0,43895.0,,,,,
2020/04/19,43361.96552041263,43507.17984332043,70.39929576870054,19.423210894521617,1837.0388389344434,70.54927832213184,41524.92668147819,42954.0,43771.0,43099.0,43915.0,,,,,
2020/04/20,43413.97183267056,43521.02650533988,52.006312257930404,13.846662019452197,1907.5714954697155,70.53265653527205,41506.400337200845,43006.0,43824.0,43113.0,43930.0,,,,,
2020/04/21,43452.247014401335,43530.895289502645,38.2751817307726,9.868784162761585,1978.060474950939,70.4889794812234,41474.1865394504,43044.0,43861.0,43122.0,43939.0,,,,,
2020/04/22,43480.32463064199,43537.92874662453,28.077616240654606,7.033457121884567,2048.4856839076456,70.42520895670668,41431.838946734344,43072.0,43890.0,43131.0,43948.0,,,,,
2020/04/23,43500.86299505087,43542.94211293554,20.538364408879715,5.0133663110100315,2118.8322857752205,70.34660186757492,41382.03070927565,43093.0,43910.0,43135.0,43952.0,,,,,
2020/04/24,43515.84919650203,43546.51645854141,14.986201451160014,3.574345605869894,2189.0893860027513,70.25710022753083,41326.75981049928,43107.0,43925.0,43138.0,43955.0,,,,,
2020/04/25,43526.76045318361,43549.0656817078,10.911256681582017,2.5492231663884013,2259.2490285283225,70.15964252557114,41267.51142465529,43118.0,43936.0,43140.0,43960.0,,,,,
2020/04/26,43534.68977017419,43550.8845076379,7.929316990579537,1.8188259301023209,2329.3054365491676,70.05640802084508,41205.38433362502,43127.0,43944.0,43141.0,43961.0,,,,,
2020/04/27,43540.44258290709,43552.18278246249,5.752812732898747,1.2982748245922267,2399.254442353479,69.94900580431158,41141.18814055361,43131.0,43950.0,43143.0,43962.0,,,,,
2020/04/28,43544.6103290502,43553.109930594495,4.16774614310998,0.9271481320029125,2469.093061796328,69.838619442849,41075.51726725387,43136.0,43954.0,43145.0,43963.0,,,,,
2020/04/29,43547.62598061998,43553.77237474518,3.0156515697817667,0.6624441506864969,2538.819178424753,69.72611662842473,41008.80680219523,43139.0,43957.0,43145.0,43963.0,,,,,
2020/04/30,43549.80566188421,43554.2459344576,2.1796812642278383,0.4735597124163178,2608.4313100642703,69.61213163951743,40941.37435181994,43142.0,43960.0,43147.0,43963.0,,,,,
2020/05/01,43551.37965112804,43554.58464680426,1.5739892438286915,0.33871234666003147,2677.9284370212004,69.49712695693006,40873.45121410684,43142.0,43961.0,43146.0,43965.0,,,,,
2020/05/02,43552.515356119,43554.827040865166,1.135704990963859,0.24239406090782722,2747.3098760639464,69.38143904274602,40805.205480055054,43144.0,43962.0,43145.0,43966.0,,,,,
2020/05/03,43553.33426642103,43555.00060112011,0.8189103020267794,0.1735602549451869,2816.5751882573613,69.26531219341496,40736.75907816367,43145.0,43962.0,43147.0,43964.0,,,,,
2020/05/04,43553.92441436916,43555.1249430975,0.5901479481326533,0.1243419773891219,2885.7241117282124,69.14892347085106,40668.20030264095,43146.0,43963.0,43147.0,43965.0,,,,,
2020/05/05,43554.34950479869,43555.214073447496,0.4250904295258806,0.08913034999568481,2954.7565127268117,69.03240099859931,40599.59299207188,43145.0,43963.0,43147.0,43964.0,,,,,
2020/05/06,43554.65558537593,43555.277999031205,0.3060805772402091,0.06392558370862389,3023.6723500739777,68.91583734716596,40530.98323530195,43146.0,43965.0,43147.0,43965.0,,,,,
2020/05/07,43554.87590778691,43555.32387290301,0.22032241098349914,0.04587387180799851,3092.4716493776355,68.79929930365779,40462.404258409275,43147.0,43964.0,43147.0,43964.0,,,,,
2020/05/08,43555.03446329069,43555.35681095105,0.1585555037818267,0.03293804803979583,3161.154484359779,68.6828349821435,40393.87997893091,43148.0,43964.0,43147.0,43965.0,,,,,
2020/05/09,43555.14854926436,43555.38047408015,0.11408597366971662,0.023663129097258206,3229.720963350846,68.56647899106702,40325.427585913516,43147.0,43964.0,43146.0,43966.0,,,,,
2020/05/10,43555.23062928386,43555.39748345017,0.08208001949969912,0.017009370021696668,3298.17121953251,68.45025618166392,40257.05940975135,43146.0,43965.0,43147.0,43966.0,,,,,
2020/05/11,43555.28967938627,43555.40971681248,0.05905010240530828,0.012233362307597417,3366.505403894867,68.33418436235706,40188.7842754914,43148.0,43964.0,43147.0,43965.0,,,,,
2020/05/12,43555.33216125195,43555.418520097075,0.04248186568293022,0.008803284596069716,3434.723680157177,68.21827626231016,40120.60848109477,43146.0,43965.0,43146.0,43964.0,,,,,
2020/05/13,43555.362724969375,43555.424858570696,0.030563717424229253,0.006338473620417062,3502.826221107219,68.10254095004211,40052.53650386215,43148.0,43966.0,43147.0,43965.0,,,,,
2020/05/14,43555.38471605582,43555.429424879876,0.021991086447087582,0.004566309180518147,3570.813205964701,67.98698485748173,39984.57151009112,43146.0,43964.0,43146.0,43965.0,,,,,
2020/05/15,43555.400540991715,43555.43271632296,0.015824935893760994,0.0032914430848904885,3638.6848184831033,67.87161251840234,39916.71572250861,43147.0,43965.0,43146.0,43964.0,,,,,
2020/05/16,43555.41193056219,43555.435090140425,0.011389570478058886,0.0023738174641039222,3706.4412455838287,67.75642710072543,39848.97068497836,43147.0,43965.0,43147.0,43965.0,,,,,
2020/05/17,43555.420129489896,43555.43680310295,0.008198927702324,0.0017129625266534276,3774.082676373635,67.64143078980624,39781.33745311626,43147.0,43965.0,43147.0,43965.0,,,,,
2020/05/18,43555.426032918556,43555.43803986957,0.005903428660531063,0.0012367666204227135,3841.6093014380617,67.52662506442675,39713.816731480496,43147.0,43965.0,43146.0,43966.0,,,,,
2020/05/19,43555.430284602706,43555.43893331158,0.004251684149494395,0.0008934420111472718,3909.021312333488,67.41201089542619,39646.408972269215,43147.0,43966.0,43148.0,43966.0,,,,,
2020/05/20,43555.433347541475,43555.439579089914,0.003062938769289758,0.0006457783310906962,3976.318901221992,67.29758888850392,39579.11444631948,43148.0,43965.0,43147.0,43965.0,,,,,
2020/05/21,43555.43555476611,43555.440046113334,0.0022072246356401592,0.00046702341933269054,4043.502260608992,67.18335938700011,39511.93329415712,43148.0,43965.0,43148.0,43964.0,,,,,
2020/05/22,43555.43714585703,43555.44038404696,0.001591090920555871,0.0003379336267244071,4110.571583154756,67.06932254576395,39444.865562702274,43147.0,43965.0,43147.0,43965.0,,,,,
2020/05/23,43555.43829319813,43555.44062870613,0.0011473410995677114,0.0002446591679472476,4177.527061539015,66.95547838425955,39377.91123165911,43147.0,43965.02500000002,43146.0,43964.0,,,,,
2020/05/24,43555.439120848285,43555.440805932376,0.0008276501539512537,0.0001772262476151809,4244.368888363785,66.84182682476967,39311.0702324845,43147.0,43965.0,43147.0,43965.0,,,,,
2020/05/25,43555.43971811283,43555.440934381826,0.0005972645449219272,0.0001284494501305744,4311.09725608359,66.72836771980474,39244.34246202924,43146.0,43965.0,43147.0,43965.0,,,,,
2020/05/26,43555.44014929186,43555.44102752955,0.0004311790326028131,9.31477261474356e-05,4377.7123569554915,66.61510087190163,39177.72779233637,43147.0,43966.0,43147.0,43966.0,,,,,
2020/05/27,43555.440460695914,43555.441095113914,0.0003114040518994443,6.758436211384833e-05,4444.214383003247,66.50202604775586,39111.22607769267,43146.0,43966.0,43147.0,43965.0,,,,,
2020/05/28,43555.44068569227,43555.44114417719,0.00022499635815620422,4.906327376374975e-05,4510.603525991672,66.38914298842428,39044.837159700604,43147.0,43965.0,43147.0,43965.0,,,,,
2020/05/29,43555.44084832767,43555.4411798142,0.00016263539873762056,3.56370146619156e-05,4576.879977408368,66.27645141669655,38978.560870919304,43147.0,43966.0,43147.0,43965.0,,,,,
2020/05/30,43555.440965938695,43555.441205713054,0.00011761102359741926,2.589885116321966e-05,4643.043928450709,66.16395104234107,38912.39703748799,43147.0,43965.0,43147.0,43966.0,,,,,
2020/05/31,43555.44105102937,43555.44122454506,8.509067265549675e-05,1.8832004570867866e-05,4709.0955700166205,66.05164156591127,38846.345481012744,43147.0,43964.0,43147.0,43966.0,,,,,
2020/06/01,43555.44111261867,43555.4412382455,6.158930045785382e-05,1.3700439012609422e-05,4775.035092698107,65.93952268148678,38780.40601992056,43147.0,43965.0,43147.0,43964.0,,,,,
2020/06/02,43555.44115721923,43555.44124821814,4.4600565161090344e-05,9.972645784728229e-06,4840.862686776705,65.82759407859794,38714.57847044253,43147.0,43966.0,43147.0,43965.0,,,,,
2020/06/03,43555.44118953428,43555.441255481506,3.23150452459231e-05,7.263362931553274e-06,4906.578542220386,65.715855443681,38648.862647313894,43147.0,43965.0,43148.0,43964.0,,,,,
2020/06/04,43555.44121295838,43555.44126077426,2.3424101527780294e-05,5.292757123243064e-06,4972.182848681497,65.60430646111035,38583.25836427688,43147.0,43964.0,43147.0,43965.0,,,,,
2020/06/05,43555.441229945834,43555.44126463303,1.6987454728223383e-05,3.858767740894109e-06,5037.675795495368,65.49294681387164,38517.76543445047,43147.0,43964.0,43147.0,43964.0,,,,,
2020/06/06,43555.44124227204,43555.44126744794,1.2326207070145756e-05,2.8149079298600554e-06,5103.057571679501,65.38177618413283,38452.38367059254,43147.0,43964.0,43147.0,43966.0,,,,,
2020/06/07,43555.44125122139,43555.44126950263,8.949347829911858e-06,2.0546940504573286e-06,5168.328365933122,65.2707942536208,38387.11288528827,43148.0,43965.0,43148.0,43966.0,,,,,
2020/06/08,43555.44125772131,43555.44127100302,6.49991852696985e-06,1.5003897715359926e-06,5233.488366637024,65.16000070390237,38321.952891084286,43147.0,43965.0,43147.0,43965.0,,,,,
2020/06/09,43555.441262444685,43555.44127209924,4.72337706014514e-06,1.0962176020257175e-06,5298.537761853573,65.04939521654887,38256.903500591114,43147.0,43965.0,43147.0,43965.0,,,,,
2020/06/10,43555.44126587928,43555.44127290066,3.4345939639024436e-06,8.014176273718476e-07,5363.476739326884,64.93897747331084,38191.964526552394,43147.0,43964.0,43147.0,43965.0,,,,,
2020/06/11,43555.44126837747,43555.44127348675,2.498192770872265e-06,5.860929377377033e-07,5428.3054864830965,64.82874715621256,38127.13578189437,43146.0,43964.0,43147.0,43965.0,,,,,
2020/06/12,43555.4412701955,43555.441273915596,1.8180289771407843e-06,4.288449417799711e-07,5493.024190430733,64.71870394763664,38062.41707976477,43147.0,43965.0,43147.0,43965.0,,,,,
2020/06/13,43555.441271521486,43555.441274230034,1.325985067524016e-06,3.1443778425455093e-07,5557.633037961063,64.60884753032951,37997.80823356043,43146.0,43965.0,43147.0,43966.0,,,,,
2020/06/14,43555.44127248663,43555.441274460165,9.65141225606203e-07,2.3013126337900758e-07,5622.132215548546,64.49917758748325,37933.30905693808,43147.0,43965.0,43147.0,43965.0,,,,,
2020/06/15,43555.44127318916,43555.44127462864,7.025300874374807e-07,1.6847479855641723e-07,5686.521909351334,64.38969380278832,37868.91936383782,43147.0,43965.0,43146.0,43966.0,,,,,
2020/06/16,43555.44127370125,43555.44127475213,5.120964488014579e-07,1.234875526279211e-07,5750.802305211711,64.28039586037721,37804.63896848954,43147.0,43965.0,43147.0,43964.0,,,,,
2020/06/17,43555.441274075514,43555.44127484281,3.7426070775836706e-07,9.068025974556804e-08,5814.973588656724,64.1712834450127,37740.46768541879,43147.0,43966.0,43146.0,43964.0,,,,,
2020/06/18,43555.4412743486,43555.441274909324,2.730885171331465e-07,6.651680450886488e-08,5879.035944883324,64.06235622660006,37676.40532946528,43147.0,43964.0,43147.0,43965.0,,,,,
2020/06/19,43555.441274547775,43555.44127495811,1.991720637306571e-07,4.878529580309987e-08,5942.989558789254,63.95361390593007,37612.45171575852,43147.0,43964.0,43147.0,43965.0,,,,,
2020/06/20,43555.441274693156,43555.44127499392,1.4538090908899903e-07,3.581226337701082e-08,6006.834614949909,63.845056160655076,37548.606659743244,43146.0,43965.0,43147.0,43965.0,,,,,
2020/06/21,43555.44127480065,43555.4412750205,1.0749499779194593e-07,2.6579073164612055e-08,6070.571297679555,63.73668272964551,37484.869977121096,43147.0,43965.0,43147.0,43964.0,,,,,
2020/06/22,43555.44127487953,43555.441275040095,7.887865649536252e-08,1.9594153854995966e-08,6134.199790909143,63.62849322958846,37421.241483970385,43147.0,43964.0,43147.0,43965.0,,,,,
2020/06/23,43555.44127493716,43555.44127505448,5.7632860261946917e-08,1.4384568203240633e-08,6197.720278277875,63.520487368731665,37357.720996659285,43148.0,43966.0,43147.0,43965.0,,,,,
2020/06/24,43555.44127497921,43555.44127506505,4.204775905236602e-08,1.0571966413408518e-08,6261.132943144314,63.41266486643872,37294.308331834894,43147.0,43966.0,43148.0,43965.0,,,,,
2020/06/25,43555.441275009915,43555.44127507283,3.070454113185406e-08,7.777998689562082e-09,6324.437968498028,63.30502535371397,37231.003306511884,43148.0,43965.0,43147.0,43965.0,,,,,
2020/06/26,43555.441275032535,43555.44127507858,2.262095222249627e-08,5.7480065152049065e-09,6387.635537072666,63.19756857463835,37167.80573795987,43146.0,43964.0,43147.0,43965.0,,,,,
2020/06/27,43555.441275049205,43555.44127508283,1.666921889409423e-08,4.249159246683121e-09,6450.725831291133,63.090294218466624,37104.715443758076,43148.0,43965.0,43147.0,43965.0,,,,,
2020/06/28,43555.44127506138,43555.44127508595,1.2172677088528872e-08,3.1213858164846897e-09,6513.709033191287,62.9832019001542,37041.73224187009,43147.0,43965.0,43147.0,43965.0,,,,,
2020/06/29,43555.441275070276,43555.44127508824,8.89849616214633e-09,2.291926648467779e-09,6576.585324624637,62.87629143335016,36978.855950445635,43148.0,43965.0,43146.0,43966.0,,,,,
2020/06/30,43555.44127507675,43555.44127508993,6.475602276623249e-09,1.6880221664905548e-09,6639.354887014545,62.76956238990806,36916.086388062206,43146.0,43966.0,43146.0,43965.0,,,,,
2020/07/01,43555.441275081495,43555.44127509117,4.743924364447594e-09,1.2441887520253658e-09,6702.017901535492,62.66301452094649,36853.423373546,43146.0,43964.0,43147.0,43965.0,,,,,
2020/07/02,43555.441275084995,43555.4412750921,3.499735612422228e-09,9.240466170012951e-10,6764.574549079449,62.5566475439573,36790.866726005544,43146.0,43965.0,43146.0,43965.0,,,,,
2020/07/03,43555.44127508756,43555.44127509277,2.5684130378067493e-09,6.766640581190586e-10,6827.025010138656,62.450461059207555,36728.41626494891,43147.0,43964.0,43146.0,43964.0,,,,,
2020/07/04,43555.441275089455,43555.44127509327,1.8917489796876907e-09,4.94765117764473e-10,6889.369465032185,62.344454893528564,36666.07181005727,43146.0,43965.0,43146.0,43965.0,,,,,
2020/07/05,43555.441275090845,43555.441275093646,1.3897079043090343e-09,3.7834979593753815e-10,6951.608093639982,62.23862860779718,36603.833181450864,43148.0,43964.0,43146.0,43964.0,,,,,
2020/07/06,43555.44127509186,43555.441275093915,1.0113581083714962e-09,2.6921043172478676e-10,7013.741075620209,62.13298198022676,36541.70019947165,43148.0,43965.0,43146.0,43964.0,,,,,
2020/07/07,43555.441275092606,43555.44127509412,7.494236342608929e-10,2.0372681319713593e-10,7075.768590318149,62.027514697940205,36479.67268477446,43147.0,43965.0,43148.0,43966.0,,,,,
2020/07/08,43555.44127509316,43555.44127509428,5.529727786779404e-10,1.6007106751203537e-10,7137.690816707099,61.92222638894964,36417.75045838606,43147.0,43966.0,43147.0,43965.0,,,,,
2020/07/09,43555.44127509355,43555.441275094374,3.92901711165905e-10,9.458744898438454e-11,7199.50793358023,61.817116873131454,36355.93334151332,43147.0,43965.0,43147.0,43964.0,,,,,
2020/07/10,43555.44127509385,43555.441275094454,2.9831426218152046e-10,8.003553375601768e-11,7261.220119289379,61.7121857091488,36294.22115580447,43147.0,43964.0,43147.0,43965.0,,,,,
2020/07/11,43555.44127509407,43555.44127509451,2.1827872842550278e-10,5.820766091346741e-11,7322.8275519876515,61.60743269827253,36232.61372310642,43146.975,43965.0,43147.0,43966.0,,,,,
2020/07/12,43555.44127509423,43555.441275094556,1.6007106751203537e-10,4.3655745685100555e-11,7384.330409487231,61.50285749957948,36171.110865607,43147.0,43966.0,43147.0,43964.0,,,,,
2020/07/13,43555.441275094345,43555.441275094585,1.1641532182693481e-10,2.9103830456733704e-11,7445.728869258479,61.39845977124787,36109.71240583587,43147.0,43965.0,43147.0,43965.0,,,,,
2020/07/14,43555.44127509444,43555.44127509462,9.458744898438454e-11,3.637978807091713e-11,7507.023108533445,61.29423927496646,36048.418166560994,43147.0,43964.0,43147.0,43965.0,,,,,
2020/07/15,43555.4412750945,43555.44127509463,5.820766091346741e-11,7.275957614183426e-12,7568.213303997248,61.19019546380241,35987.22797109725,43148.0,43964.0,43146.0,43966.0,,,,,
2020/07/16,43555.44127509455,43555.44127509464,5.093170329928398e-11,1.4551915228366852e-11,7629.299632574376,61.08632857712837,35926.141642520175,43147.0,43965.0,43147.0,43965.0,,,,,
2020/07/17,43555.44127509459,43555.44127509466,4.3655745685100555e-11,1.4551915228366852e-11,7690.282270557426,60.982637983050154,35865.15900453716,43147.0,43966.0,43147.0,43966.0,,,,,
2020/07/18,43555.44127509462,43555.441275094665,2.9103830456733704e-11,7.275957614183426e-12,7751.161393717454,60.87912316002803,35804.279881377166,43147.0,43965.0,43147.0,43965.0,,,,,
2020/07/19,43555.44127509464,43555.44127509467,2.1827872842550278e-11,7.275957614183426e-12,7811.937178135398,60.775784417944124,35743.504096959245,43148.0,43966.0,43147.0,43965.0,,,,,
2020/07/20,43555.441275094665,43555.44127509468,2.1827872842550278e-11,7.275957614183426e-12,7872.609798893083,60.672620757684854,35682.83147620158,43148.0,43966.0,43147.0,43965.0,,,,,
2020/07/21,43555.441275094665,43555.44127509467,0.0,-7.275957614183426e-12,7933.179431196508,60.56963230342444,35622.26184389816,43146.0,43966.0,43147.0,43965.0,,,,,
2020/07/22,43555.44127509467,43555.44127509468,7.275957614183426e-12,7.275957614183426e-12,7993.646249924941,60.46681872843328,35561.79502516973,43147.0,43965.0,43147.0,43965.0,,,,,
2020/07/23,43555.44127509467,43555.44127509468,0.0,0.0,8054.010429674935,60.36417974999404,35501.43084541974,43147.0,43965.0,43146.0,43966.0,,,,,
2020/07/24,43555.44127509468,43555.44127509469,7.275957614183426e-12,7.275957614183426e-12,8114.272144550106,60.26171487517058,35441.16913054457,43146.0,43965.0,43146.0,43966.0,,,,,
2020/07/25,43555.44127509469,43555.44127509469,7.275957614183426e-12,0.0,8174.431568061699,60.15942351159356,35381.00970703299,43147.0,43966.0,43146.0,43965.0,,,,,
2020/07/26,43555.44127509471,43555.44127509469,2.1827872842550278e-11,0.0,8234.48887349966,60.05730543796108,35320.952401595045,43147.0,43965.0,43147.0,43966.0,,,,,
2020/07/27,43555.44127509475,43555.44127509469,4.3655745685100555e-11,0.0,8294.444234484363,59.955360984702565,35260.99704061039,43147.0,43965.0,43147.0,43965.0,,,,,
2020/07/28,43555.441275094825,43555.441275094694,7.275957614183426e-11,7.275957614183426e-12,8354.29782430397,59.853589819607805,35201.143450790856,43147.0,43965.0,43147.0,43967.0,,,,,
2020/07/29,43555.44127509494,43555.441275094716,1.1641532182693481e-10,2.1827872842550278e-11,8414.049815914424,59.75199161045384,35141.391459180515,43147.0,43966.0,43147.0,43965.0,,,,,
2020/07/30,43555.44127509509,43555.44127509473,1.4551915228366852e-10,1.4551915228366852e-11,8473.700381939456,59.65056602503137,35081.74089315563,43146.0,43965.0,43148.0,43966.0,,,,,
2020/07/31,43555.44127509528,43555.441275094745,1.964508555829525e-10,1.4551915228366852e-11,8533.24969467058,59.54931273112379,35022.191580424704,43147.0,43966.0,43147.0,43966.0,,,,,
2020/08/01,43555.44127509554,43555.441275094774,2.546585164964199e-10,2.9103830456733704e-11,8592.69792606709,59.44823139651089,34962.743349028446,43147.0,43965.0,43147.0,43965.0,,,,,
2020/08/02,43555.44127509585,43555.4412750948,3.128661774098873e-10,2.9103830456733704e-11,8652.045247756074,59.34732168898336,34903.396027339775,43147.0,43965.0,43147.0,43965.0,,,,,
2020/08/03,43555.441275096244,43555.44127509485,3.92901711165905e-10,4.3655745685100555e-11,8711.291831032397,59.24658327632278,34844.14944406385,43147.0,43965.0,43147.0,43964.0,,,,,
2020/08/04,43555.44127509672,43555.44127509489,4.729372449219227e-10,4.3655745685100555e-11,8770.437846858711,59.1460158263144,34785.00342823801,43147.0,43965.0,43146.0,43966.0,,,,,
2020/08/05,43555.44127509729,43555.441275094956,5.748006515204906e-10,6.548361852765083e-11,8829.483465865453,59.04561900674162,34725.95780923184,43147.0,43966.0,43147.0,43965.0,,,,,
2020/08/06,43555.441275097925,43555.44127509502,6.330083124339581e-10,6.548361852765083e-11,8888.428858367753,58.94539250230082,34667.01241673017,43146.0,43964.0,43147.0,43964.0,,,,,
2020/08/07,43555.441275098376,43555.44127509507,4.511093720793724e-10,5.093170329928398e-11,8947.274194432333,58.8453360645799,34608.16708066604,43146.0,43966.0,43147.0,43966.0,,,,,
2020/08/08,43555.4412750984,43555.441275095065,2.1827872842550278e-11,-7.275957614183426e-12,9006.019643792535,58.74544936020175,34549.421631305864,43148.0,43965.0,43147.0,43965.0,,,,,
2020/08/09,43555.44127509778,43555.441275095,-6.184563972055912e-10,-6.548361852765083e-11,9064.665375890607,58.645732098071676,34490.775899207176,43147.0,43965.0,43147.0,43964.0,,,,,
2020/08/10,43555.441275096724,43555.4412750949,-1.0550138540565968e-09,-1.0186340659856796e-10,9123.211560045398,58.54618415479126,34432.229715051326,43148.0,43965.0,43148.0,43965.0,,,,,
2020/08/11,43555.441275095414,43555.44127509478,-1.3096723705530167e-09,-1.1641532182693481e-10,9181.65836527962,58.446805234221756,34373.782909815796,43148.0,43964.0,43147.0,43965.0,,,,,
2020/08/12,43555.441275094076,43555.441275094694,-1.3387762010097504e-09,-8.731149137020111e-11,9240.005960331839,58.34759505221882,34315.43531476224,43147.0,43964.0,43147.0,43964.0,,,,,
2020/08/13,43555.44127509296,43555.44127509463,-1.1132215149700642e-09,-6.548361852765083e-11,9298.254513584567,58.248553252728016,34257.1867615084,43147.0,43965.0,43147.0,43965.0,,,,,
2020/08/14,43555.44127509241,43555.44127509461,-5.529727786779404e-10,-2.1827872842550278e-11,9356.40419314107,58.14967955650354,34199.03708195134,43147.0,43965.0,43147.0,43965.0,,,,,
2020/08/15,43555.441275092206,43555.44127509461,-2.0372681319713593e-10,0.0,9414.455166839805,58.050973698735106,34140.9861082524,43147.0,43965.0,43147.0,43966.0,,,,,
2020/08/16,43555.44127509065,43555.44127509456,-1.5570549294352531e-09,-4.3655745685100555e-11,9472.407602253063,57.95243541325726,34083.033672837584,43147.0,43965.0,43147.0,43964.0,,,,,
2020/08/17,43555.44127508925,43555.44127509453,-1.3969838619232178e-09,-3.637978807091713e-11,9530.261666624228,57.854064371165805,34025.17960846503,43146.0,43965.0,43147.0,43965.0,,,,,
2020/08/18,43555.44127508822,43555.44127509452,-1.0331859812140465e-09,-7.275957614183426e-12,9588.017526928259,57.75586030403065,33967.423748159956,43147.0,43966.0,43147.0,43965.0,,,,,
2020/08/19,43555.44127508774,43555.44127509451,-4.802132025361061e-10,-7.275957614183426e-12,9645.675349853633,57.657822925373694,33909.7659252341,43146.0,43966.0,43145.0,43965.0,,,,,
2020/08/20,43555.44127508808,43555.44127509452,3.41970007866621e-10,7.275957614183426e-12,9703.235301802359,57.55995194872594,33852.20597328572,43148.0,43965.0,43146.0,43966.0,,,,,
2020/08/21,43555.44127508953,43555.441275094556,1.4479155652225018e-09,3.637978807091713e-11,9760.697548890194,57.46224708783484,33794.74372619933,43148.0,43966.0,43146.0,43965.0,,,,,
2020/08/22,43555.4412750896,43555.44127509458,7.275957614183426e-11,2.1827872842550278e-11,9818.062257095204,57.364708205010174,33737.3790179944,43146.0,43965.0,43146.0,43965.0,,,,,
2020/08/23,43555.44127508985,43555.441275094614,2.473825588822365e-10,3.637978807091713e-11,9875.329591895652,57.267334800448225,33680.1116831942,43146.0,43965.0,43147.0,43965.0,,,,,
2020/08/24,43555.44127509026,43555.44127509465,4.147295840084553e-10,3.637978807091713e-11,9932.499718567828,57.170126672175684,33622.94155652243,43147.0,43965.0,43147.0,43964.0,,,,,
2020/08/25,43555.44127509083,43555.44127509469,5.675246939063072e-10,3.637978807091713e-11,9989.5728021034,57.07308353557164,33565.86847298743,43147.0,43965.0,43147.0,43966.0,,,,,
2020/08/26,43555.44127509153,43555.44127509471,6.984919309616089e-10,2.1827872842550278e-11,10046.54900720942,56.97620510602064,33508.89226788211,43147.0,43965.0,43149.0,43965.0,,,,,
2020/08/27,43555.44127509235,43555.441275094716,8.221832104027271e-10,7.275957614183426e-12,10103.42849830832,56.87949109889996,33452.01277678403,43146.0,43964.0,43146.0,43964.0,,,,,
2020/08/28,43555.44127509312,43555.44127509471,7.712515071034431e-10,-7.275957614183426e-12,10160.211439701961,56.78294139364152,33395.22983539116,43147.0,43965.0,43147.0,43965.0,,,,,
2020/08/29,43555.4412750938,43555.44127509466,6.766640581190586e-10,-5.093170329928398e-11,10216.897995244226,56.686555542264614,33338.543279849575,43148.0,43964.0,43147.0,43965.0,,,,,
2020/08/30,43555.44127509438,43555.44127509458,5.820766091346741e-10,-8.003553375601768e-11,10273.488328494253,56.59033325002747,33281.952946600126,43147.0,43965.0,43147.0,43966.0,,,,,
2020/08/31,43555.44127509478,43555.44127509444,4.001776687800884e-10,-1.382431946694851e-10,10329.98260276953,56.49427427527735,33225.45867232525,43147.0,43964.0,43147.0,43965.0,,,,,
2020/09/01,43555.44127509493,43555.44127509424,1.4551915228366852e-10,-1.964508555829525e-10,10386.380981105818,56.39837833628735,33169.06029398911,43146.0,43965.0,43147.0,43964.0,,,,,
2020/09/02,43555.441275094745,43555.44127509398,-1.8189894035458565e-10,-2.6193447411060333e-10,10442.683626257132,56.30264515131421,33112.757648837614,43145.0,43967.0,43147.0,43965.0,,,,,
2020/09/03,43555.4412750946,43555.4412750938,-1.4551915228366852e-10,-1.8189894035458565e-10,10498.890700808957,56.20707455182492,33056.55057428564,43147.0,43965.0,43146.0,43966.0,,,,,
2020/09/04,43555.441275094774,43555.4412750938,1.7462298274040222e-10,0.0,10555.002367049623,56.11166624066573,33000.43890804515,43147.0,43965.0,43147.0,43964.0,,,,,
2020/09/05,43555.44127509497,43555.4412750939,1.964508555829525e-10,1.0186340659856796e-10,10611.018786838882,56.01641978925909,32944.42248825609,43147.0,43964.0,43147.0,43965.0,,,,,
2020/09/06,43555.44127509523,43555.44127509416,2.6193447411060333e-10,2.6193447411060333e-10,10666.940121839856,55.92133500097407,32888.501153255376,43146.0,43965.0,43147.0,43964.0,,,,,
2020/09/07,43555.441275095596,43555.44127509461,3.637978807091713e-10,4.43833414465189e-10,10722.766533437098,55.82641159724153,32832.6747416585,43147.0,43964.0,43148.0,43965.0,,,,,
2020/09/08,43555.4412750961,43555.441275095276,5.020410753786564e-10,6.693881005048752e-10,10778.498182736594,55.731649299495984,32776.94309235951,43147.0,43965.0,43147.0,43964.0,,,,,
2020/09/09,43555.44127509669,43555.44127509609,5.893525667488575e-10,8.149072527885437e-10,10834.135230617723,55.63704788112955,32721.306044478966,43148.0,43965.0,43148.0,43966.0,,,,,
2020/09/10,43555.44127509704,43555.44127509665,3.4924596548080444e-10,5.602487362921238e-10,10889.677837803154,55.542607185430825,32665.763437293885,43147.0,43965.0,43147.0,43965.0,,,,,
2020/09/11,43555.441275097386,43555.44127509721,3.4924596548080444e-10,5.602487362921238e-10,10945.126164484733,55.44832668157869,32610.315110612653,43147.0,43965.0,43147.0,43964.0,,,,,
2020/09/12,43555.44127509772,43555.44127509775,3.346940502524376e-10,5.384208634495735e-10,11000.480370688021,55.35420620328841,32554.9609044097,43147.0,43965.0,43147.0,43964.0,,,,,
2020/09/13,43555.44127509804,43555.44127509822,3.2014213502407074e-10,4.729372449219227e-10,11055.74061616305,55.26024547502857,32499.70065893499,43147.0,43965.0,43146.0,43964.0,,,,,
2020/09/14,43555.441275098325,43555.44127509859,2.837623469531536e-10,3.637978807091713e-10,11110.907060384325,55.166444221275015,32444.534214714,43146.0,43965.0,43146.0,43966.0,,,,,
2020/09/15,43555.44127509859,43555.441275098834,2.6193447411060333e-10,2.473825588822365e-10,11165.979862557791,55.0728021734667,32389.461412540797,43147.0,43965.0,43147.0,43965.0,,,,,
2020/09/16,43555.441275099045,43555.44127509969,4.5838532969355583e-10,8.585629984736443e-10,11220.959182234437,54.9793196766459,32334.482092864608,43147.0,43964.0,43145.0,43964.0,,,,,
2020/09/17,43555.441275099525,43555.44127510059,4.802132025361061e-10,8.949427865445614e-10,11275.845177635962,54.88599540152427,32279.596097463564,43147.0,43964.0,43146.0,43965.0,,,,,
2020/09/18,43555.44127510004,43555.441275101504,5.165929906070232e-10,9.167706593871117e-10,11330.638007163854,54.792829527892536,32224.803267936186,43146.0,43965.0,43146.0,43965.0,,,,,
2020/09/19,43555.44127510058,43555.44127510241,5.384208634495735e-10,9.022187441587448e-10,11385.33782894568,54.69982178182545,32170.1034461549,43146.0,43964.0,43148.0,43965.0,,,,,
2020/09/20,43555.44127510113,43555.44127510327,5.529727786779404e-10,8.658389560878277e-10,11439.94480083508,54.606971889399574,32115.496474266052,43146.0,43966.0,43147.0,43964.0,,,,,
2020/09/21,43555.441275101715,43555.4412751041,5.820766091346741e-10,8.294591680169106e-10,11494.459080411782,54.51427957670239,32060.982194689932,43147.0,43965.0,43147.0,43965.0,,,,,
2020/09/22,43555.44127510232,43555.44127510485,6.039044819772243e-10,7.494236342608929e-10,11548.880824981583,54.421744569801376,32006.560450120734,43148.0,43964.0,43147.0,43965.0,,,,,
2020/09/23,43555.44127510294,43555.44127510549,6.184563972055912e-10,6.402842700481415e-10,11603.210191576369,54.329366594785824,31952.231083526567,43146.0,43965.0,43147.0,43966.0,,,,,
2020/09/24,43555.44127510357,43555.441275106,6.330083124339581e-10,5.093170329928398e-10,11657.447336954097,54.237145377728666,31897.993938149473,43148.0,43966.0,43147.0,43965.0,,,,,
2020/09/25,43555.44127510421,43555.441275106336,6.402842700481415e-10,3.346940502524376e-10,11711.592417598808,54.145080644710106,31843.848857505403,43148.0,43965.0,43147.0,43965.0,,,,,
2020/09/26,43555.441275104866,43555.44127510648,6.548361852765083e-10,1.4551915228366852e-10,11765.645589720618,54.05317212181035,31789.795685384248,43147.0,43965.0,43147.0,43965.0,,,,,
2020/09/27,43555.44127510529,43555.44127510688,4.220055416226387e-10,4.001776687800884e-10,11819.60701066038,53.96142093976232,31735.834264444908,43147.0,43966.0,43146.0,43965.0,,,,,
2020/09/28,43555.44127510561,43555.4412751072,3.2014213502407074e-10,3.2014213502407074e-10,11873.476835230384,53.8698245700034,31681.964439875224,43147.0,43965.0,43148.0,43967.0,,,,,
2020/09/29,43555.441275105826,43555.44127510738,2.1827872842550278e-10,1.8189894035458565e-10,11927.255218816763,53.77838358637928,31628.186056289065,43146.0,43965.0,43147.0,43966.0,,,,,
2020/09/30,43555.44127510593,43555.441275107434,1.0186340659856796e-10,5.093170329928398e-11,11980.942316605751,53.68709778898847,31574.498958500175,43146.0,43965.0,43146.0,43965.0,,,,,
2020/10/01,43555.4412751059,43555.44127510733,-2.9103830456733704e-11,-1.0186340659856796e-10,12034.538283513426,53.595966907674665,31520.902991592473,43146.0,43966.0,43147.0,43965.0,,,,,
2020/10/02,43555.441275105724,43555.441275107056,-1.7462298274040222e-10,-2.764863893389702e-10,12088.04327418572,53.5049906722943,31467.398000920002,43146.0,43964.0,43148.0,43964.0,,,,,
2020/10/03,43555.44127510537,43555.44127510658,-3.5652192309498787e-10,-4.729372449219227e-10,12141.457442998408,53.41416881268742,31413.983832106962,43146.0,43965.0,43147.0,43965.0,,,,,
2020/10/04,43555.441275104815,43555.44127510589,-5.529727786779404e-10,-6.912159733474255e-10,12194.780944057116,53.32350105870864,31360.6603310477,43146.0,43966.0,43147.0,43965.0,,,,,
2020/10/05,43555.44127510404,43555.44127510496,-7.712515071034431e-10,-9.313225746154785e-10,12248.01393119732,53.23298714020348,31307.427343906726,43146.0,43964.0,43147.0,43966.0,,,,,
2020/10/06,43555.44127510303,43555.44127510377,-1.0113581083714962e-09,-1.1932570487260818e-09,12301.15655798434,53.14262678702107,31254.28471711869,43147.0,43964.0,43147.0,43965.0,,,,,
2020/10/07,43555.441275101766,43555.441275102305,-1.2660166248679161e-09,-1.4624674804508686e-09,12354.208977713351,53.05241972901058,31201.232297388415,43147.0,43966.0,43147.0,43965.0,,,,,
2020/10/08,43555.44127510096,43555.44127510132,-8.076312951743603e-10,-9.822542779147625e-10,12407.171345144756,52.962367431404346,31148.2699299562,43146.0,43965.0,43147.0,43966.0,,,,,
2020/10/09,43555.44127510022,43555.44127510042,-7.421476766467094e-10,-9.022187441587448e-10,12460.043812152457,52.872467007700834,31095.39746294776,43146.0,43965.0,43147.0,43966.0,,,,,
2020/10/10,43555.441275099445,43555.44127509949,-7.712515071034431e-10,-9.313225746154785e-10,12512.82653110391,52.78271895145372,31042.614743995535,43147.0,43965.0,43148.0,43964.0,,,,,
2020/10/11,43555.441275098674,43555.44127509857,-7.712515071034431e-10,-9.167706593871117e-10,12565.519654309976,52.69312320606514,30989.9216207887,43147.0,43965.0,43147.0,43965.0,,,,,
2020/10/12,43555.4412750979,43555.44127509767,-7.712515071034431e-10,-9.022187441587448e-10,12618.12333381643,52.60367950645377,30937.31794128147,43147.0,43964.0,43146.0,43965.0,,,,,
2020/10/13,43555.44127509716,43555.44127509682,-7.421476766467094e-10,-8.512870408594608e-10,12670.637721403973,52.51438758754375,30884.803553693186,43147.0,43965.0,43148.0,43964.0,,,,,
2020/10/14,43555.44127509646,43555.44127509604,-6.984919309616089e-10,-7.785274647176266e-10,12723.062968588229,52.42524718425557,30832.37830650823,43147.0,43965.0,43147.0,43965.0,,,,,
2020/10/15,43555.44127509582,43555.44127509535,-6.402842700481415e-10,-6.912159733474255e-10,12775.399226619744,52.33625803151517,30780.042048476076,43147.0,43964.0,43146.0,43965.0,,,,,
2020/10/16,43555.44127509526,43555.44127509478,-5.602487362921238e-10,-5.675246939063072e-10,12827.646646483983,52.24741986423942,30727.79462861128,43147.0,43965.0,43147.0,43964.0,,,,,
2020/10/17,43555.441275094796,43555.44127509435,-4.656612873077393e-10,-4.2928149923682213e-10,12879.805378901337,52.15873241735426,30675.63589619346,43146.0,43965.0,43147.0,43965.0,,,,,
2020/10/18,43555.441275094454,43555.4412750941,-3.41970007866621e-10,-2.546585164964199e-10,12931.875574327116,52.070195425778365,30623.565700767336,43147.0,43965.0,43146.0,43965.0,,,,,
2020/10/19,43555.44127509395,43555.4412750936,-5.020410753786564e-10,-4.94765117764473e-10,12983.857384588342,51.9818102612262,30571.583890505608,43147.0,43965.0,43147.0,43965.0,,,,,
2020/10/20,43555.44127509343,43555.441275093064,-5.238689482212067e-10,-5.384208634495735e-10,13035.75095896558,51.89357437723811,30519.690316127846,43147.0,43966.0,43147.0,43964.0,,,,,
2020/10/21,43555.441275092955,43555.441275092584,-4.729372449219227e-10,-4.802132025361061e-10,13087.556446882229,51.80548791664842,30467.88482821073,43146.0,43965.0,43148.0,43965.0,,,,,
2020/10/22,43555.44127509254,43555.44127509217,-4.147295840084553e-10,-4.147295840084553e-10,13139.273997832483,51.71755095025401,30416.167277260058,43147.0,43965.0,43147.0,43965.0,,,,,
2020/10/23,43555.44127509219,43555.441275091835,-3.4924596548080444e-10,-3.346940502524376e-10,13190.903761050706,51.62976321822316,30364.537514041484,43147.0,43965.0,43147.0,43965.0,,,,,
2020/10/24,43555.44127509192,43555.44127509159,-2.6921043172478676e-10,-2.473825588822365e-10,13242.445885511424,51.542124460718696,30312.995389580497,43147.0,43965.0,43147.0,43965.0,,,,,
2020/10/25,43555.44127509174,43555.441275091434,-1.8189894035458565e-10,-1.5279510989785194e-10,13293.900519929339,51.45463441791435,30261.5407551624,43147.0,43965.0,43146.0,43964.0,,,,,
2020/10/26,43555.44127509165,43555.441275091376,-8.731149137020111e-11,-5.820766091346741e-11,13345.26781275931,51.36729282997112,30210.173462332343,43147.0,43964.0,43148.0,43966.0,,,,,
2020/10/27,43555.44127509167,43555.441275091434,1.4551915228366852e-11,5.820766091346741e-11,13396.547912196373,51.280099437062745,30158.893362895295,43147.0,43964.0,43147.0,43965.0,,,,,
2020/10/28,43555.44127509179,43555.4412750916,1.2369127944111824e-10,1.673470251262188e-10,13447.740966175725,51.193053979352044,30107.700308916064,43147.0,43964.0,43147.0,43965.0,,,,,
2020/10/29,43555.44127509204,43555.4412750919,2.473825588822365e-10,2.9831426218152046e-10,13498.847122372734,51.10615619700911,30056.594152719306,43146.0,43965.0,43148.0,43965.0,,,,,
2020/10/30,43555.44127509218,43555.44127509208,1.382431946694851e-10,1.8189894035458565e-10,13549.866529599241,51.01940722650761,30005.574745492937,43147.0,43965.0,43148.0,43964.0,,,,,
2020/10/31,43555.44127509228,43555.441275092235,1.0186340659856796e-10,1.5279510989785194e-10,13600.799334649171,50.93280504992981,29954.641940443107,43147.0,43965.0,43148.0,43965.0,,,,,
