Date,Predict_confirm,Predict_actual,Dailynew_confirm,Dailynew_actual,Remove,Dailynew_remove,Remain_confirm,Confirm_interval_down,Confirm_interval_up,Actual_interval_down,Actual_interval_up,ADate,Official_confirmed,Official_dailynew,Official_remove,Official_cure
2020/03/08,265.0,795.0,0.0,0.0,3.0,0.0,262.0,234.0,297.0,740.0,851.0,2020-03-08,265.0,0.0,3.0,0.0
2020/03/09,488.8603808512431,826.0656248491682,223.86038085124312,31.065624849168216,7.736666862218942,4.736666862218942,481.12371398902417,446.0,533.0,770.0,883.0,2020-03-09,321.0,56.0,3.0,0.0
2020/03/10,644.2981772567455,904.1116562873992,155.43779640550235,78.04603143823101,14.698642290287715,6.961975428068773,629.5995349664578,595.0,695.0,846.0,963.0,2020-03-10,382.0,61.0,4.0,0.0
2020/03/11,775.849491999493,1017.0292918430133,131.55131474274754,112.91763555561408,23.318441666403697,8.619799376115981,752.5310503330893,722.0,831.0,955.0,1080.0,2020-03-11,503.0,121.0,5.0,0.0
2020/03/12,906.7518098236991,1161.1621948739366,130.90231782420608,144.13290303092333,33.43861761331252,10.120175946908827,873.3131922103865,848.0,966.0,1095.0,1229.0,2020-03-12,614.0,111.0,5.0,0.0
2020/03/13,1050.2283054913232,1337.2965102407718,143.47649566762414,176.13431536683515,45.12134537332861,11.682727760016085,1005.1069601179946,987.0,1114.0,1266.0,1410.0,2020-03-13,804.0,190.0,10.0,0.0
2020/03/14,1214.977036954167,1548.7391617811368,164.7487314628438,211.44265154036498,58.55981763897104,13.438472265642432,1156.417219315196,1147.0,1284.0,1472.0,1626.0,2020-03-14,959.0,155.0,12.0,0.0
2020/03/15,1407.8523495489985,1800.4062619635033,192.87531259483148,251.66710018236654,74.03919342549024,15.4793757865192,1333.8131561235082,1335.0,1482.0,1718.0,1884.0,2020-03-15,1135.0,176.0,22.0,2.0
2020/03/16,1635.1818423966902,2098.385743564964,227.32949284769165,297.9794816014605,91.92175976177498,17.88256633628474,1543.2600826349153,1556.0,1715.0,2009.0,2189.0,2020-03-16,1413.0,278.0,26.0,2.0
2020/03/17,1903.4114148541794,2449.7047944271108,268.2295724574892,351.3190508621469,112.64393511727202,20.722175355497043,1790.7674797369073,1818.0,1990.0,2353.0,2547.0,2020-03-17,1705.0,292.0,45.0,2.0
2020/03/18,2219.4056876508266,2862.160539934285,315.99427279664724,412.45574550717447,136.7189355040703,24.075000386798266,2082.686752146756,2127.0,2312.0,2758.0,2967.0,2020-03-18,2051.0,346.0,45.0,2.0
2020/03/19,2590.5525286070183,3344.132367533284,371.1468409561917,481.97182759899897,164.74181507681246,28.02287957274217,2425.8107135302057,2491.0,2691.0,3231.0,3458.0,2020-03-19,2460.0,409.0,78.0,2.0
2020/03/20,3024.732247554355,3904.3220044726154,434.1797189473368,560.1896369393312,197.39486435777712,32.653049280964666,2827.3373831965782,2917.0,3133.0,3783.0,4027.0,2020-03-20,2994.0,534.0,108.0,2.0
2020/03/21,3530.1682288563666,4551.381557271591,505.43598130201144,647.0595527989758,235.45182246775047,38.05695810997335,3294.716406388616,3414.0,3647.0,4420.0,4684.0,2020-03-21,3631.0,637.0,138.0,2.0
2020/03/22,4115.154668626315,5293.400178846676,584.986439769948,742.0186215750846,279.77943585158056,44.327613383830084,3835.375232774734,3990.0,4241.0,5151.0,5437.0,2020-03-22,4216.0,585.0,182.0,2.0
2020/03/23,4787.649734822868,6137.233941233235,672.4950661965531,843.8337623865591,331.3348047322423,51.55536888066172,4456.314930090625,4653.0,4924.0,5984.0,6291.0,2020-03-23,4749.0,533.0,215.0,2.0
2020/03/24,5554.725518050161,7087.685196831307,767.075783227293,950.4512555980718,391.1568407046549,59.82203597241261,5163.568677345505,5409.0,5701.0,6923.0,7253.0,2020-03-24,5560.0,811.0,278.0,2.0
2020/03/25,6421.8791146087815,8146.5698128861195,867.1535965586208,1058.8846160548128,460.3501494789881,69.19330877433322,5961.5289651297935,6265.0,6580.0,7970.0,8324.0,2020-03-25,6440.0,880.0,363.0,6.0
2020/03/26,7392.23222575834,9311.752457625376,970.3531111495586,1165.1826447392568,540.0598450658367,79.70969558684862,6852.172380692504,7224.0,7561.0,9123.0,9501.0,2020-03-26,7469.0,1029.0,441.0,6.0
2020/03/27,8465.679196707093,10576.277069612619,1073.446970948753,1264.5246119872427,631.4363698238415,91.37652475800473,7834.242826883252,8286.0,8646.0,10375.0,10778.0,2020-03-27,8647.0,1178.0,553.0,6.0
2020/03/28,9638.080481140347,11927.759510417245,1172.4012844332537,1351.482440804626,735.5903654716335,104.15399564779204,8902.490115668714,9446.0,9831.0,11714.0,12142.0,2020-03-28,9819.0,1172.0,646.0,6.0
2020/03/29,10900.632268146433,13348.225536019518,1262.5517870060867,1420.4660256022726,853.5390627835626,117.9486973119291,10047.093205362871,10697.0,11106.0,13123.0,13575.0,2020-03-29,10930.0,1111.0,1025.0,253.0
2020/03/30,11817.0,14814.551681200744,916.3677318535665,1466.3261451812268,1118.0,264.4609372164374,10699.0,11604.0,12031.0,14576.0,15054.0,2020-03-30,11817.0,887.0,1118.0,253.0
2020/03/31,13380.124581549899,16268.00227785149,1563.1245815498987,1453.4505966507459,1260.1983095363116,142.19830953631163,12119.926272013587,13154.0,13607.0,16018.0,16518.0,,,,,
2020/04/01,14901.671386335836,17731.195207514782,1521.5468047859376,1463.1929296632916,1419.700751718527,159.50244218221542,13481.97063461731,14663.0,15141.0,17471.0,17993.0,,,,,
2020/04/02,16393.556720878583,19164.1302035043,1491.885334542747,1432.934995989519,1595.8806563676512,176.17990464912418,14797.676064510932,16144.0,16645.0,18893.0,19436.0,,,,,
2020/04/03,17847.99063059998,20534.283904005246,1454.433909721396,1370.153700500945,1788.129557670765,192.24890130311383,16059.861072929214,17587.0,18110.0,20254.0,20816.0,,,,,
2020/04/04,19248.513001333762,21816.001336868594,1400.5223707337827,1281.7174328633482,1995.6878253339707,207.5582676632057,17252.82517599979,18977.0,19521.0,21526.0,22105.0,,,,,
2020/04/05,20576.447262012494,22990.699373848955,1327.9342606787322,1174.6980369803605,2217.5826426409785,221.89481730700777,18358.864619371518,20295.0,20857.0,22694.0,23289.0,,,,,
2020/04/06,21814.77095136945,24046.968275858166,1238.3236893569556,1056.2689020092112,2452.629274749551,235.04663210857234,19362.1416766199,21526.0,22104.0,23744.0,24351.0,,,,,
2020/04/07,22950.328394248914,24980.19392374805,1135.5574428794644,933.2256478898853,2699.4693102531983,246.8400355036474,20250.859083995718,22654.0,23248.0,24670.0,25291.0,,,,,
2020/04/08,23974.854868554692,25791.663660314498,1024.5264743057778,811.469736566447,2956.6280840682934,257.1587738150952,21018.2267844864,23672.0,24279.0,25478.0,26107.0,,,,,
2020/04/09,24885.11986618971,26487.308113289193,910.2649976350185,695.644452974695,3222.578319971054,265.9502359027606,21662.541546218657,24577.0,25195.0,26169.0,26807.0,,,,,
2020/04/10,25682.451908496092,27076.299964634356,797.3320423063815,588.991851345163,3495.800661501678,273.2223415306239,22186.651246994414,25369.0,25998.0,26755.0,27400.0,,,,,
2020/04/11,26371.88855978378,27569.713504876683,689.4366512876877,493.41354024232714,3774.8350078397966,279.03434633811867,22597.053551943984,26053.0,26690.0,27245.0,27895.0,,,,,
2020/04/12,26961.165938494985,27979.386283936514,589.2773787112055,409.67277905983065,4058.319495383293,283.48448754349647,22902.84644311169,26640.0,27283.0,27652.0,28308.0,,,,,
2020/04/13,27459.714658596615,28317.05025501024,498.54872010162944,337.6639710737254,4345.01638649428,286.6968911109866,23114.698272102334,27135.0,27785.0,27988.0,28648.0,,,,,
2020/04/14,27877.774410720074,28593.73897775969,418.0597521234595,276.6887227494517,4633.825854667991,288.80946817371114,23243.948556052084,27551.0,28205.0,28263.0,28926.0,,,,,
2020/04/15,28225.68533046526,28819.43708462882,347.91091974518713,225.6981068691275,4923.789700573829,289.96384590583784,23301.895629891435,27898.0,28555.0,28487.0,29153.0,,,,,
2020/04/16,28513.371862069154,29002.91989840402,287.68653160389294,183.48281377520107,5214.087445201908,290.2977446280793,23299.284416867245,28183.0,28845.0,28669.0,29337.0,,,,,
2020/04/17,28750.00569091807,29151.728213461676,236.6338288489169,148.80831505765673,5504.027216998209,289.9397717963011,23245.978473919862,28418.0,29082.0,28817.0,29487.0,,,,,
2020/04/18,28943.818398440722,29272.229753828913,193.81270752265118,120.50154036723688,5793.033542707062,289.0063257088532,23150.784855733662,28611.0,29278.0,28938.0,29608.0,,,,,
2020/04/19,29102.028880209473,29369.72924491821,158.21048176875047,97.4994910892965,6080.63371829325,287.600175586188,23021.39516191622,28768.0,29437.0,29034.0,29706.0,,,,,
2020/04/20,29230.851733485404,29448.599833747605,128.82285327593127,78.87058882939527,6366.443985208193,285.810266914943,22864.40774827721,28897.0,29566.0,29112.0,29785.0,,,,,
2020/04/21,29335.557686009568,29512.417938013718,104.70595252416388,63.81810426611264,6650.1563311461305,283.71234593793724,22685.40135486344,29000.0,29672.0,29177.0,29851.0,,,,,
2020/04/22,29420.56338811966,29564.090831589623,85.00570211009108,51.67289357590562,6931.52640434367,281.37007319753957,22489.03698377599,29084.0,29757.0,29227.0,29901.0,,,,,
2020/04/23,29489.534046760986,29605.97139889828,68.97065864132674,41.88056730865719,7210.362782814104,278.8363784704343,22279.171263946882,29153.0,29827.0,29270.0,29944.0,,,,,
2020/04/24,29545.487726104548,29639.957883450126,55.95367934356182,33.98648455184593,7486.517666455971,276.15488364186695,22058.970059648578,29209.0,29883.0,29302.0,29979.0,,,,,
2020/04/25,29590.894347982423,29667.57852570126,45.406621877875295,27.620642251134996,7759.878947984534,273.36128152856236,21831.01539999789,29255.0,29928.0,29331.0,30005.0,,,,,
2020/04/26,29627.76555746332,29690.06213434838,36.87120948089796,22.483608647118672,8030.363553594718,270.4846056101842,21597.402003868603,29290.0,29966.0,29353.0,30028.0,,,,,
2020/04/27,29657.733757649854,29708.396177747938,29.968200186533068,18.33404339955814,8297.911912197973,267.5483586032551,21359.82184545188,29321.0,29996.0,29371.0,30047.0,,,,,
2020/04/28,29682.120027060337,29723.374150337444,24.386269410482782,14.977972589505953,8562.483402391674,264.5714901937008,21119.636624668663,29345.0,30020.0,29386.0,30062.0,,,,,
2020/04/29,29701.99147020954,29735.63392686316,19.871443149204424,12.259776525716006,8824.052630126716,261.56922773504266,20877.938840082825,29365.0,30040.0,29398.0,30074.0,,,,,
2020/04/30,29718.209000326817,29745.688662751414,16.2175301172756,10.054735888254072,9082.606401869687,258.55377174297064,20635.60259845713,29381.0,30056.0,29408.0,30084.0,,,,,
2020/05/01,29731.466739110336,29753.95160011537,13.257738783519017,8.262937363957462,9338.141273508854,255.53487163916725,20393.325465601483,29393.0,30071.0,29417.0,30092.0,,,,,
2020/05/02,29742.324244963645,29760.75593353851,10.857505853309704,6.804333423136995,9590.661571614093,252.5202981052389,20151.66267334955,29405.0,30081.0,29424.0,30100.0,,,,,
2020/05/03,29751.232712725185,29766.37069517961,8.908467761539214,5.6147616410999035,9840.177799640016,249.51622802592283,19911.05491308517,29414.0,30090.0,29429.0,30104.0,,,,,
2020/05/04,29758.55617269926,29771.01344661865,7.3234599740753765,4.642751439041604,10086.705356187822,246.52755654780594,19671.85081651144,29421.0,30097.0,29433.0,30109.0,,,,,
2020/05/05,29764.588584742636,29774.860417560205,6.032412043376098,3.8469709415549005,10330.263505186995,243.55814899917277,19434.32507955564,29427.0,30104.0,29438.0,30114.0,,,,,
2020/05/06,29769.567585161996,29778.054605210942,4.979000419360091,3.194187650737149,10570.874549063981,240.6110438769865,19198.693036098015,29432.0,30109.0,29440.0,30117.0,,,,,
2020/05/07,29773.685525602184,29780.712249905362,4.117940440188249,2.6576446944200143,10808.563164832289,237.6886157683075,18965.122360769896,29435.0,30112.0,29443.0,30120.0,,,,,
2020/05/08,29777.09832630492,29782.92801580674,3.4128007027356944,2.2157659013792,11043.35587104712,234.79270621483192,18733.7424552578,29439.0,30115.0,29445.0,30122.0,,,,,
2020/05/09,29779.9325733462,29784.77914038791,2.8342470412790135,1.8511245811678236,11275.280599661455,231.92472861433453,18504.651973684744,29442.0,30119.0,29447.0,30124.0,,,,,
2020/05/10,29782.2912078403,29786.328762116307,2.358634494099533,1.5496217283980513,11504.366351980269,229.08575231881332,18277.92485586003,29445.0,30121.0,29448.0,30125.0,,,,,
2020/05/11,29784.258087715585,29787.6285927758,1.966879875286395,1.2998306594927271,11730.642922051975,226.27657007170637,18053.61516566361,29447.0,30123.0,29449.0,30126.0,,,,,
2020/05/12,29785.90164784254,29788.721066720533,1.6435601269549807,1.0924739447327738,11954.140674153496,223.49775210152075,17831.760973689044,29449.0,30124.0,29451.0,30127.0,,,,,
2020/05/13,29787.277839256396,29789.641072184488,1.3761914138558495,0.9200054639550217,12174.890363700692,220.74968954719589,17612.387475555704,29448.0,30126.0,29451.0,30128.0,,,,,
2020/05/14,29788.43249194109,29790.417348227533,1.154652684694156,0.7762760430450726,12392.922993053406,218.03262935271414,17395.509498887684,29451.0,30127.0,29452.0,30129.0,,,,,
2020/05/15,29789.403216640363,29791.073613804056,0.9707246992729779,0.6562655765228556,12608.269695389043,215.34670233563702,17181.133521251322,29452.0,30128.0,29453.0,30131.0,,,,,
2020/05/16,29790.220937729544,29791.629481916785,0.81772108918085,0.5558681127295131,12820.96164118263,212.69194579358737,16969.259296546916,29452.0,30129.0,29454.0,30131.0,,,,,
2020/05/17,29790.911130476605,29792.1012010494,0.6901927470607916,0.47171913261627196,13031.029962922059,210.06832173942894,16759.881167554544,29453.0,30129.0,29454.0,30131.0,,,,,
2020/05/18,29791.494821383305,29792.50225761805,0.5836909067002125,0.4010565686476184,13238.505694545081,207.4757316230225,16552.989126838223,29454.0,30130.0,29454.0,30132.0,,,,,
2020/05/19,29791.98939822759,29792.8438663559,0.494576844284893,0.34160873785003787,13443.419722786597,204.91402824151555,16348.569675440993,29455.0,30130.0,29455.0,30132.0,,,,,
2020/05/20,29792.409267097493,29793.135370174732,0.4198688699034392,0.29150381883300724,13645.802748174747,202.3830253881497,16146.606518922747,29454.0,30131.0,29455.0,30132.0,,,,,
2020/05/21,29792.766386309493,29793.384566844972,0.3571192119998159,0.2491966702400532,13845.685253849273,199.88250567452633,15947.08113246022,29454.0,30131.0,29456.0,30132.0,,,,,
2020/05/22,29793.0707009733,29793.59797632739,0.30431466380832717,0.2134094824177737,14043.09748073926,197.4122268899864,15749.973220234042,29456.0,30132.0,29456.0,30132.0,,,,,
2020/05/23,29793.330497366416,29793.781059958594,0.2597963931148115,0.1830836312037718,14238.069407911284,194.97192717202415,15555.261089455133,29455.0,30132.0,29455.0,30132.0,,,,,
2020/05/24,29793.55269237771,29793.93840044726,0.22219501129438868,0.15734048866579542,14430.63073713348,192.56132922219695,15362.92195524423,29456.0,30132.0,29456.0,30132.0,,,,,
2020/05/25,29793.743070428063,29794.07385000255,0.19037805035259225,0.1354495552914159,14620.810880872781,190.18014373930055,15172.932189555282,29456.0,30132.0,29456.0,30132.0,,,,,
2020/05/26,29793.906477667035,29794.19065241376,0.1634072389715584,0.11680241120848223,14808.638953101283,187.8280722285017,14985.267524565752,29456.0,30132.0,29456.0,30134.0,,,,,
2020/05/27,29794.046981453077,29794.29154383023,0.14050378604224534,0.10089141647040378,14994.143762399126,185.50480929784317,14799.903219053951,29456.0,30132.0,29456.0,30134.0,,,,,
2020/05/28,29794.168001595863,29794.378836143034,0.12102014278571005,0.08729231280449312,15177.35380693316,183.21004453403475,14616.814194662702,29457.0,30133.0,29457.0,30133.0,,,,,
2020/05/29,29794.27241849615,29794.454486043727,0.10441690028892481,0.07564990069295163,15358.297270976942,180.9434640437812,14435.97514751921,29456.0,30132.0,29456.0,30134.0,,,,,
2020/05/30,29794.362662460568,29794.520152359833,0.09024396441600402,0.06566631610621698,15537.002022689565,178.70475171262296,14257.360639771003,29457.0,30133.0,29457.0,30133.0,,,,,
2020/05/31,29794.44078755553,29794.577243705426,0.0781250949621608,0.057091345592198195,15713.495612930128,176.4935902405632,14080.945174625402,29457.0,30132.0,29457.0,30133.0,,,,,
2020/06/01,29794.50853280769,29794.626958167624,0.06774525215951144,0.04971446219860809,15887.805274919388,174.30966198926035,13906.7032578883,29458.0,30134.0,29457.0,30134.0,,,,,
2020/06/02,29794.567373000056,29794.670316409258,0.05884019236691529,0.043358241633541184,16059.95792459654,172.1526496771512,13734.609448403517,29457.0,30133.0,29456.0,30133.0,,,,,
2020/06/03,29794.618560896975,29794.708189321227,0.051187896919145714,0.03787291196931619,16229.980161546015,170.02223694947497,13564.63839935096,29456.0,30134.0,29456.0,30134.0,,,,,
2020/06/04,29794.663162419904,29794.74132116938,0.04460152292813291,0.03313184815124259,16397.898270389625,167.91810884361075,13396.764892030278,29457.0,30134.0,29457.0,30134.0,,,,,
2020/06/05,29794.70208598081,29794.770348988997,0.03892356090727844,0.02902781961893197,16563.738222560336,165.8399521707106,13230.963863420475,29457.0,30133.0,29457.0,30133.0,,,,,
2020/06/06,29794.736107000965,29794.795818871706,0.03402102015388664,0.02546988270842121,16727.52567838576,163.7874558254225,13067.210428615206,29456.0,30133.0,29457.0,30134.0,,,,,
2020/06/07,29794.76588842779,29794.818199657264,0.029781426826957613,0.022380785558198113,16889.285989424134,161.76031103837522,12905.479899003658,29458.0,30133.0,29457.0,30135.0,,,,,
2020/06/08,29794.791997931934,29794.83789446131,0.026109504142368678,0.019694804046594072,17049.044201004388,159.75821158025428,12745.747796927546,29458.0,30135.0,29458.0,30134.0,,,,,
2020/06/09,29794.814922358528,29794.855250405737,0.02292442659381777,0.01735594442652655,17206.825054929195,157.78085392480716,12587.989867429333,29457.975000000002,30134.0,29457.0,30133.0,,,,,
2020/06/10,29794.83507986659,29794.870566831138,0.020157508060947293,0.015316425400669686,17362.652992309642,155.8279373804471,12432.182087556946,29458.0,30133.0,29457.0,30134.0,,,,,
2020/06/11,29794.85283016578,29794.884102247535,0.01775029919008375,0.01353541639764444,17516.55215650231,153.89916419266592,12278.30067366347,29457.0,30134.0,29457.0,30133.0,,,,,
2020/06/12,29794.868483144084,29794.896080221766,0.015652978305297438,0.011977974230831023,17668.54639612685,151.9942396245424,12126.322087017234,29457.0,30134.0,29457.0,30134.0,,,,,
2020/06/13,29794.88230616237,29794.90669437368,0.013823018285620492,0.010614151913614478,17818.659268144256,150.1128720174056,11976.223038018114,29457.0,30134.0,29457.0,30133.0,,,,,
2020/06/14,29794.89453022649,29794.916112620875,0.012224064121255651,0.009418247194844298,17966.91404098023,148.25477283597502,11827.98048924626,29457.0,30134.0,29458.0,30133.0,,,,,
2020/06/15,29794.90535521622,29794.92448079181,0.010824989727552747,0.008368170936591923,18113.333697680246,146.41965670001446,11681.571657535973,29457.0,30134.0,29457.0,30133.0,,,,,
2020/06/16,29794.914954326203,29794.93192570347,0.009599109984264942,0.0074449116582400165,18257.940939085267,144.60724140502134,11536.974015240936,29457.0,30134.0,29457.0,30134.0,,,,,
2020/06/17,29794.92347783754,29794.938557788326,0.008523511336534284,0.006632084856391884,18400.75818701889,142.81724793362446,11394.165290818648,29457.0,30134.0,29458.0,30133.0,,,,,
2020/06/18,29794.93105633012,29794.944473338986,0.0075784925793414,0.005915550660574809,18541.807587478146,141.04940045925468,11253.123468851973,29457.0,30133.0,29457.0,30133.0,,,,,
2020/06/19,29794.937803421733,29794.9497564289,0.006747091614670353,0.005283089914883021,18681.11101382145,139.30342634330373,11113.826789600284,29458.0,30134.0,29457.0,30134.0,,,,,
2020/06/20,29794.943818102634,29794.95448055806,0.006014680900989333,0.004724129157693824,18818.690069948636,137.57905612718605,10976.253748153998,29457.0,30134.0,29457.0,30134.0,,,,,
2020/06/21,29794.949186736216,29794.958710065308,0.0053686335813836195,0.004229507248965092,18954.566093468147,135.87602351951136,10840.383093268068,29457.0,30134.0,29458.0,30134.0,,,,,
2020/06/22,29794.95398476775,29794.962501341488,0.004798031535756309,0.003791276179981651,19088.760158848097,134.1940653799502,10706.193825919654,29457.0,30133.0,29457.0,30134.0,,,,,
2020/06/23,29794.958278190286,29794.965903873184,0.004293422534829006,0.0034025316963379737,19221.293080547883,132.53292169978522,10573.665197642404,29458.0,30134.0,29457.0,30134.0,,,,,
2020/06/24,29794.962124804675,29794.968961141796,0.0038466143887490034,0.003057268611883046,19352.185416127795,130.89233557991247,10442.77670867688,29457.0,30134.0,29457.0,30134.0,,,,,
2020/06/25,29794.96557529873,29794.97171139897,0.0034504940558690578,0.002750257172010606,19481.45746933472,129.2720532069252,10313.50810596401,29457.0,30133.0,29458.0,30134.0,,,,,
2020/06/26,29794.968674179832,29794.97418833595,0.003098881101323059,0.0024769369811110664,19609.129293161866,127.671823827146,10185.839381017966,29457.0,30133.0,29458.0,30134.0,,,,,
2020/06/27,29794.971460577344,29794.976421663516,0.0027863975119544193,0.0022333275665005203,19735.220692881656,126.09139971978948,10059.750767695688,29457.0,30134.0,29457.0,30133.0,,,,,
2020/06/28,29794.97396893368,29794.978437612728,0.0025083563341468107,0.002015949212363921,19859.75122905002,124.53053616836405,9935.222739883659,29458.0,30134.0,29457.0,30134.0,,,,,
2020/06/29,29794.976229602857,29794.980259369324,0.002260669178212993,0.0018217565957456827,19982.74022048151,122.98899143149174,9812.236009121345,29457.0,30134.0,29457.0,30134.0,,,,,
2020/06/30,29794.978269367588,29794.981907451016,0.002039764731307514,0.0016480816921102814,20104.206747194516,121.46652671300399,9690.771522173072,29457.0,30134.0,29457.0,30135.0,,,,,
2020/07/01,29794.980111887468,29794.983400035035,0.0018425198795739561,0.0014925840187061112,20224.169653325895,119.96290613137899,9570.810458561573,29457.0,30134.0,29457.0,30134.0,,,,,
2020/07/02,29794.981778087113,29794.984753243025,0.0016661996451148298,0.001353207990177907,20342.647550014488,118.47789668859332,9452.334228072625,29457.0,30134.0,29457.0,30133.0,,,,,
2020/07/03,29794.983286492796,29794.985981388527,0.001508405683125602,0.0012281455019547138,20459.658818252785,117.0112682382969,9335.32446824001,29457.0,30133.0,29457.0,30133.0,,,,,
2020/07/04,29794.984653539424,29794.987097203524,0.0013670466287294403,0.0011158149973198306,20575.221611717327,115.56279346454176,9219.763041822098,29458.0,30134.0,29457.0,30133.0,,,,,
2020/07/05,29794.98589379328,29794.988112005143,0.0012402538559399545,0.0010148016190214548,20689.35385954003,114.13224782270481,9105.632034253249,29457.0,30134.0,29457.0,30133.0,,,,,
2020/07/06,29794.987020202643,29794.989035880728,0.0011264093627687544,0.0009238755847036373,20802.073269081196,112.71940954116508,8992.913751121447,29457.0,30134.0,29457.0,30133.0,,,,,
2020/07/07,29794.98804428237,29794.989877823762,0.0010240797273581848,0.0008419430341746192,20913.397328649873,111.3240595686766,8881.590715632497,29457.0,30134.0,29457.0,30134.0,,,,,
2020/07/08,29794.988976298162,29794.990645866095,0.0009320157914771698,0.0007680423332203645,21023.343310202374,109.9459815525006,8771.645666095788,29457.0,30134.0,29457.0,30134.0,,,,,
2020/07/09,29794.989825392833,29794.991347183655,0.0008490946711390279,0.0007013175600150134,21131.928272003057,108.58496180068323,8663.061553389776,29457.0,30134.0,29457.0,30134.0,,,,,
2020/07/10,29794.990599714685,29794.991988194724,0.0007743218520772643,0.0006410110690922011,21239.169061257773,107.24078925471622,8555.821538456912,29457.0,30135.0,29458.0,30133.0,,,,,
2020/07/11,29794.991306541542,29794.992574647436,0.0007068268569128122,0.0005864527120138519,21345.08231671475,105.91325545697691,8449.908989826792,29458.0,30134.0,29458.0,30134.0,,,,,
2020/07/12,29794.99195239504,29794.99311169389,0.0006458534990088083,0.0005370464532461483,21449.684471234577,104.60215451982731,8345.307481160464,29457.0,30134.0,29458.0,30134.0,,,,,
2020/07/13,29794.992543119915,29794.9936039562,0.0005907248742005322,0.0004922623120364733,21552.99175433031,103.30728309573169,8242.000788789606,29457.0,30134.0,29457.0,30133.0,,,,,
2020/07/14,29794.993083926085,29794.994055586198,0.0005408061697380617,0.0004516299959504977,21655.020194677483,102.02844034717418,8139.972889248602,29457.0,30134.0,29457.0,30134.0,,,,,
2020/07/15,29794.99357950108,29794.9944703159,0.0004955749936925713,0.0004147297040617559,21755.785622592142,100.76542791465909,8039.2079569089365,29457.0,30134.0,29457.0,30134.0,,,,,
2020/07/16,29794.994034050265,29794.994851503558,0.000454549186542863,0.00038118765587569214,21855.303672482252,99.51804989010998,7939.690361568013,29457.0,30134.0,29457.0,30133.0,,,,,
2020/07/17,29794.99445135475,29794.99520217406,0.00041730448356247507,0.0003506705033942126,21953.58978527953,98.2861127972792,7841.404666075217,29457.0,30134.0,29457.0,30133.0,,,,,
2020/07/18,29794.994834814075,29794.99552505412,0.00038345932625816204,0.00032288005968439393,22050.659210793197,97.06942551366592,7744.335624020878,29457.0,30134.0,29458.0,30133.0,,,,,
2020/07/19,29794.995187489505,29794.99582260404,0.0003526754298945889,0.0002975499191961717,22146.52701008449,95.86779929129261,7648.468177405015,29457.0,30133.0,29457.0,30134.0,,,,,
2020/07/20,29794.995512139983,29794.996097046213,0.0003246504784328863,0.0002744421726674773,22241.208057829183,94.68104774469248,7553.787454310801,29457.0,30133.0,29458.0,30134.0,,,,,
2020/07/21,29794.99581125404,29794.996350389585,0.00029911405727034435,0.000253343372605741,22334.717044597845,93.508986768662,7460.278766656196,29457.0,30134.0,29457.0,30134.0,,,,,
2020/07/22,29794.99608707854,29794.996584451823,0.0002758244991127867,0.00023406223772326484,22427.06847913071,92.35143453286582,7367.9276079478295,29457.0,30134.0,29457.0,30133.0,,,,,
2020/07/23,29794.99634164479,29794.996800879722,0.00025456625007791445,0.00021642789943143725,22518.276690698665,91.208211567955,7276.719650946125,29456.0,30133.0,29457.0,30132.0,,,,,
2020/07/24,29794.996576789323,29794.997001165488,0.00023514453278039582,0.0002002857654588297,22608.355831175806,90.07914047714075,7186.640745613517,29457.0,30134.0,29457.0,30134.0,,,,,
2020/07/25,29794.996794168357,29794.99718665769,0.00021737903443863615,0.0001854922011261806,22697.319876549875,88.96404537406852,7097.676917618483,29456.0,30134.0,29457.0,30134.0,,,,,
2020/07/26,29794.996995292273,29794.99735858737,0.00020112391575821675,0.00017192968152812682,22785.182630770043,87.86275422016843,7009.81436452223,29457.0,30134.0,29457.0,30134.0,,,,,
2020/07/27,29794.997181535062,29794.997518076223,0.00018624278891365975,0.00015948885265970603,22871.957727081764,86.77509631172143,6923.039454453297,29457.0,30133.0,29458.0,30135.0,,,,,
2020/07/28,29794.99735413296,29794.997666136318,0.0001725978981994558,0.00014806009494350292,22957.65862921828,85.70090213651565,6837.33872491468,29458.0,30134.0,29457.0,30134.0,,,,,
2020/07/29,29794.997514212235,29794.997803692542,0.00016007927479222417,0.00013755622421740554,23042.29863460446,84.64000538617984,6752.698879607775,29457.0,30134.0,29457.0,30134.0,,,,,
2020/07/30,29794.99766279191,29794.997931586335,0.00014857967471471056,0.00012789379252353683,23125.89087598992,83.59224138546051,6669.106786801989,29458.0,30134.0,29457.0,30134.0,,,,,
2020/07/31,29794.997800802328,29794.998050585316,0.00013801041859551333,0.00011899898163392209,23208.448323598324,82.55744760840389,6586.549477204004,29458.0,30134.0,29458.0,30134.0,,,,,
2020/08/01,29794.99792909649,29794.998161390606,0.0001282941630051937,0.00011080528929596767,23289.98378725744,81.53546365911461,6505.014141839052,29458.0,30133.0,29457.0,30134.0,,,,,
2020/08/02,29794.998048449987,29794.99826464003,0.00011935349539271556,0.0001032494255923666,23370.509917631367,80.52613037392803,6424.4881308186195,29457.0,30133.0,29457.0,30133.0,,,,,
2020/08/03,29794.998159576175,29794.99836091975,0.00011112618813058361,9.627972031012177e-05,23450.039209688995,79.52929205762848,6344.958949887179,29457.0,30134.0,29457.0,30134.0,,,,,
2020/08/04,29794.99826310706,29794.998450763604,0.00010353088509873487,8.984385203802958e-05,23528.58400314456,78.5447934555632,6266.414259962501,29458.0,30134.0,29458.0,30133.0,,,,,
2020/08/05,29794.998359634134,29794.99853466056,9.652707376517355e-05,8.389695722144097e-05,23606.156485082713,77.57248193815394,6188.841874551421,29458.0,30133.0,29458.0,30134.0,,,,,
2020/08/06,29794.998449697057,29794.99861305873,9.006292384583503e-05,7.839817044441588e-05,23682.76869220342,76.61220712070644,6112.229757493638,29457.0,30134.0,29457.0,30134.0,,,,,
2020/08/07,29794.998533785754,29794.998686368093,8.408869689446874e-05,7.330936205107719e-05,23758.432508893824,75.66381669040493,6036.56602489193,29457.0,30134.0,29457.0,30134.0,,,,,
2020/08/08,29794.99861235245,29794.998754965247,7.85666961746756e-05,6.859715358586982e-05,23833.15967472877,74.72716583494548,5961.838937623681,29457.0,30134.0,29457.0,30134.0,,,,,
2020/08/09,29794.99868581056,29794.998819196404,7.345810809056275e-05,6.423115701181814e-05,23906.96178649882,73.80211177005185,5888.036899311737,29458.0,30134.0,29458.0,30134.0,,,,,
2020/08/10,29794.998754538938,29794.998879379364,6.872837911942042e-05,6.0182959714438766e-05,23979.850296531404,72.88851003258242,5815.148458007534,29458.0,30133.0,29457.0,30134.0,,,,,
2020/08/11,29794.99881888536,29794.99893580591,6.434642273234203e-05,5.642654650728218e-05,24051.83651353595,71.98621700454532,5743.162305349411,29457.0,30133.0,29457.0,30134.0,,,,,
2020/08/12,29794.998879169205,29794.99898874447,6.0283844504738227e-05,5.293856156640686e-05,24122.931606519895,71.0950929839455,5672.06727264931,29457.975000000002,30134.0,29458.0,30133.0,,,,,
2020/08/13,29794.998935684165,29794.999038442453,5.651496030623093e-05,4.969798101228662e-05,24193.146607962477,70.21500144258243,5601.852327721688,29458.0,30134.0,29457.0,30134.0,,,,,
2020/08/14,29794.99898869931,29794.999085126867,5.301514465827495e-05,4.6684413973707706e-05,24262.492407590093,69.34579962761563,5532.506581109217,29457.0,30134.0,29458.0,30134.0,,,,,
2020/08/15,29794.999038465292,29794.99912900942,4.976598211214878e-05,4.388255183584988e-05,24330.97977946172,68.48737187162624,5464.019259003573,29458.0,30134.0,29457.0,30135.0,,,,,
2020/08/16,29794.999085210264,29794.999170283,4.6744971768930554e-05,4.1273582610301673e-05,24398.61934159609,67.63956213437268,5396.379743614172,29457.0,30134.0,29457.0,30133.0,,,,,
2020/08/17,29794.999129146177,29794.999209126938,4.39359137089923e-05,3.884393663611263e-05,24465.42159453651,66.80225294041884,5329.577534609667,29457.0,30134.0,29457.0,30134.0,,,,,
2020/08/18,29794.999170465446,29794.999245704534,4.131926834816113e-05,3.657759589259513e-05,24531.3968998236,65.97530528709103,5263.602270641844,29457.0,30134.0,29456.0,30134.0,,,,,
2020/08/19,29794.999209349233,29794.999280170676,3.888378705596551e-05,3.4466142096789554e-05,24596.55550304224,65.15860321863875,5198.443706306993,29457.0,30133.0,29458.0,30134.0,,,,,
2020/08/20,29794.999245956817,29794.99931266203,3.6607583751901984e-05,3.249135261285119e-05,24660.907490479833,64.35198743759247,5134.091755476984,29458.0,30134.0,29457.0,30133.0,,,,,
2020/08/21,29794.999280444143,29794.999343311152,3.448732604738325e-05,3.064912380068563e-05,24724.46285557837,63.55536509853846,5070.536424865772,29457.0,30133.0,29457.0,30134.0,,,,,
2020/08/22,29794.99931295366,29794.999372239083,3.2509517041034997e-05,2.8927930543432012e-05,24787.23146344744,62.76860786906764,5007.767849506221,29458.0,30134.0,29457.0,30134.0,,,,,
2020/08/23,29794.99934361794,29794.99939955792,3.066427962039597e-05,2.731883796514012e-05,24849.223053726793,61.99159027935457,4945.776289891146,29457.0,30133.0,29457.0,30133.0,,,,,
2020/08/24,29794.99937256093,29794.999425371767,2.8942991775693372e-05,2.5813846150413156e-05,24910.447245640356,61.22419191356312,4884.552126920575,29456.0,30134.0,29457.0,30135.0,,,,,
2020/08/25,29794.999399897322,29794.9994497776,2.7336391212884337e-05,2.4405831936746836e-05,24970.913559333254,60.46631369289753,4824.085840564068,29458.0,30133.0,29457.0,30134.0,,,,,
2020/08/26,29794.99942572488,29794.999472861495,2.5827557692537084e-05,2.3083895939635113e-05,25030.63131339397,59.71775406071538,4764.368112330911,29457.0,30133.0,29457.0,30133.0,,,,,
2020/08/27,29794.999450141888,29794.999494709595,2.441700780764222e-05,2.1848100004717708e-05,25089.609834988227,58.97852159425747,4705.389615153661,29457.0,30133.0,29457.0,30134.0,,,,,
2020/08/28,29794.99947323044,29794.999515398093,2.308855255250819e-05,2.068849789793603e-05,25147.85825413541,58.248419147184904,4647.141219095029,29457.0,30134.0,29456.0,30134.0,,,,,
2020/08/29,29794.99949508013,29794.999534998937,2.1849689801456407e-05,1.9600844098022208e-05,25205.38561086132,57.52735672591007,4589.613884218808,29457.0,30133.0,29457.0,30134.0,,,,,
2020/08/30,29794.999515770785,29794.999553578877,2.0690655219368637e-05,1.8579939933260903e-05,25262.20083180764,56.81522094631873,4532.798683963145,29457.0,30134.0,29457.0,30133.0,,,,,
2020/08/31,29794.9995353724,29794.999571200024,1.960161534952931e-05,1.7621146980673075e-05,25318.31273236308,56.111900555439206,4476.686803009321,29457.0,30133.0,29456.0,30134.0,,,,,
2020/09/01,29794.99955395169,29794.999587920247,1.8579288735054433e-05,1.6720223356969655e-05,25373.730019080776,55.4172867176967,4421.269534870913,29457.0,30133.0,29458.0,30134.0,,,,,
2020/09/02,29794.99957157138,29794.999603793465,1.7619691789150238e-05,1.587321821716614e-05,25428.461290729207,54.731271648430265,4366.538280842175,29456.0,30134.0,29457.0,30134.0,,,,,
2020/09/03,29794.999588289367,29794.999618869966,1.6717986000003293e-05,1.5076500858413056e-05,25482.51503941092,54.05374868171202,4312.484548878449,29458.0,30133.0,29458.0,30134.0,,,,,
2020/09/04,29794.999604159606,29794.999633196705,1.5870238712523133e-05,1.4326738892123103e-05,25535.899652393105,53.38461298218681,4259.0999517665,29457.0,30134.0,29457.0,30134.0,,,,,
2020/09/05,29794.999619232665,29794.999646817592,1.5073059330461547e-05,1.3620887330034748e-05,25588.623411695775,52.72375930266935,4206.37620753689,29456.0,30134.0,29457.0,30134.0,,,,,
2020/09/06,29794.999633555643,29794.999659773563,1.432297722203657e-05,1.2955970305483788e-05,25640.69450560843,52.07109391265476,4154.305127947213,29457.0,30134.0,29457.0,30133.0,,,,,
2020/09/07,29794.999647172248,29794.999672102687,1.36166054289788e-05,1.2329124729149044e-05,25692.12101406265,51.42650845422031,4102.878633109598,29458.0,30134.0,29458.0,30134.0,,,,,
2020/09/08,29794.99966012391,29794.999683841215,1.2951662938576192e-05,1.173852797364816e-05,25742.910921884533,50.78990782188339,4052.0887382393776,29458.0,30134.0,29457.0,30134.0,,,,,
2020/09/09,29794.99967244752,29794.999695021466,1.2323609553277493e-05,1.118025102186948e-05,25793.072087124023,50.16116523948949,4001.9275853234976,29457.0,30134.0,29457.0,30134.0,,,,,
2020/09/10,29794.999684179023,29794.999705674894,1.1731503036571667e-05,1.0653428034856915e-05,25842.61229439107,49.54020726704766,3952.387389787953,29457.0,30134.0,29457.0,30134.0,,,,,
2020/09/11,29794.99969535244,29794.99971583127,1.1173415259690955e-05,1.0156374628422782e-05,25891.539240396763,48.926946005693026,3903.4604549556752,29458.0,30133.0,29457.0,30134.0,,,,,
2020/09/12,29794.999705998685,29794.99972551769,1.0646246664691716e-05,9.686420526122674e-06,25939.860514090473,48.32127369370937,3855.1391919082125,29458.0,30134.0,29457.0,30134.0,,,,,
2020/09/13,29794.99971614777,29794.99973476019,1.014908411889337e-05,9.242499800166115e-06,25987.583615774525,47.72310168405238,3807.4161003732443,29456.0,30134.0,29457.0,30135.0,,,,,
2020/09/14,29794.999725827452,29794.999743582823,9.67968298937194e-06,8.822633390082046e-06,26034.71594957451,47.132333799985645,3760.2837762529416,29457.0,30134.0,29457.0,30134.0,,,,,
2020/09/15,29794.999735063542,29794.999752008003,9.23608968150802e-06,8.42518056742847e-06,26081.26482676211,46.54887718760074,3713.7349083014306,29457.0,30134.0,29457.0,30133.0,,,,,
2020/09/16,29794.99974388051,29794.999760057275,8.816969057079405e-06,8.04927185527049e-06,26127.237472983772,45.9726462216604,3667.762270896739,29457.0,30134.0,29457.0,30134.0,,,,,
2020/09/17,29794.999752300835,29794.99976775039,8.420323865721002e-06,7.693113730056211e-06,26172.641019330167,45.40354634639516,3622.358732970668,29457.0,30134.0,29458.0,30134.0,,,,,
2020/09/18,29794.99976034529,29794.99977510603,8.0444551713299e-06,7.355640263995156e-06,26217.482510202677,44.841490872509894,3577.517250142613,29458.0,30134.0,29457.0,30134.0,,,,,
2020/09/19,29794.999768032987,29794.99978214196,7.687696779612452e-06,7.035931048449129e-06,26261.768904857952,44.28639465527522,3533.2308631750348,29457.0,30134.0,29457.0,30133.0,,,,,
2020/09/20,29794.999775381857,29794.999788874688,7.348869985435158e-06,6.732727342750877e-06,26305.50707417555,43.738169317599386,3489.4927012063054,29457.0,30134.0,29458.0,30135.0,,,,,
2020/09/21,29794.99978240996,29794.999795319876,7.0281021180562675e-06,6.445188773795962e-06,26348.703805743895,43.19673156834324,3446.2959766660642,29458.0,30134.0,29457.0,30134.0,,,,,
2020/09/22,29794.999789134108,29794.999801492093,6.724148988723755e-06,6.172216671984643e-06,26391.365800635915,42.66199489201972,3403.6339884981935,29458.0,30134.0,29457.0,30134.0,,,,,
2020/09/23,29794.99979557119,29794.99980740522,6.437083357013762e-06,5.913127097301185e-06,26433.499679627625,42.133878991709935,3361.500115943567,29457.0,30133.0,29457.0,30134.0,,,,,
2020/09/24,29794.999801737435,29794.99981307223,6.166243110783398e-06,5.6670105550438166e-06,26475.111979408677,41.61229978105257,3319.8878223287575,29458.0,30134.0,29457.0,30134.0,,,,,
2020/09/25,29794.99980764669,29794.999818505403,5.9092562878504395e-06,5.4331721912603825e-06,26516.20915718638,41.09717777770129,3278.7906504603125,29456.0,30134.0,29457.0,30134.0,,,,,
2020/09/26,29794.9998133111,29794.999823716305,5.664409400196746e-06,5.2109026000835e-06,26556.797589621467,40.58843243508818,3238.2022236896337,29457.0,30133.0,29457.0,30134.0,,,,,
2020/09/27,29794.99981874182,29794.9998287159,5.430720193544403e-06,4.999594239052385e-06,26596.88358295235,40.08599333088205,3198.116235789472,29457.0,30134.0,29457.0,30133.0,,,,,
2020/09/28,29794.99982394788,29794.999833514292,5.206060450291261e-06,4.798392183147371e-06,26636.47333127843,39.58974832608146,3158.526492669451,29457.0,30133.0,29457.0,30133.0,,,,,
2020/09/29,29794.999828939373,29794.999838121355,4.991492460248992e-06,4.6070636017248034e-06,26675.573000897086,39.09966961865575,3119.4268280422875,29457.0,30133.0,29457.0,30134.0,,,,,
2020/09/30,29794.999833730388,29794.99984254623,4.791014362126589e-06,4.4248736230656505e-06,26714.188650947694,38.615650050607655,3080.8111827826942,29458.0,30134.0,29458.0,30133.0,,,,,
2020/10/01,29794.999838331525,29794.999846797593,4.601137334248051e-06,4.251363861840218e-06,26752.326274404277,38.13762345658324,3042.6735639272483,29458.0,30134.0,29457.0,30134.0,,,,,
2020/10/02,29794.999842750785,29794.999850883654,4.419260221766308e-06,4.086061380803585e-06,26789.991789038246,37.665514633968996,3005.0080537125395,29457.0,30134.0,29457.0,30134.0,,,,,
2020/10/03,29794.99984699663,29794.99985481216,4.24584504798986e-06,3.92850415664725e-06,26827.191039097328,37.19925005908226,2967.8088078993023,29457.0,30134.0,29457.0,30134.0,,,,,
2020/10/04,29794.999851077482,29794.999858590436,4.08085179515183e-06,3.778277459787205e-06,26863.929796517983,36.73875742065502,2931.070054559499,29458.0,30134.0,29457.0,30134.0,,,,,
2020/10/05,29794.999855001024,29794.999862225424,3.923541953554377e-06,3.6349883885122836e-06,26900.213761789106,36.283965271122725,2894.7860932119183,29458.0,30135.0,29458.0,30134.0,,,,,
2020/10/06,29794.999858774474,29794.999865723697,3.773449861910194e-06,3.498273144941777e-06,26936.048564586,35.8348027968932,2858.951294188475,29457.0,30134.0,29458.0,30134.0,,,,,
2020/10/07,29794.999862404766,29794.999869091473,3.630291757872328e-06,3.36777520715259e-06,26971.439765212468,35.39120062646907,2823.5600971922977,29457.0,30134.0,29458.0,30134.0,,,,,
2020/10/08,29794.999865898462,29794.999872334643,3.4936965676024556e-06,3.243170795030892e-06,27006.392850679353,34.95308546688466,2788.6070152191096,29458.0,30133.0,29457.0,30134.0,,,,,
2020/10/09,29794.999869261912,29794.99987545884,3.363449650350958e-06,3.1241979741025716e-06,27040.913253605133,34.52040292578022,2754.086615656779,29458.0,30133.0,29457.0,30133.0,,,,,
2020/10/10,29794.999872501146,29794.999878469316,3.2392345019616187e-06,3.0104747565928847e-06,27075.006329977135,34.09307637200254,2719.993542524011,29458.0,30134.0,29457.0,30133.0,,,,,
2020/10/11,29794.99987562182,29794.999881371154,3.1206727726384997e-06,2.901837433455512e-06,27108.67737646629,33.67104648915483,2686.322499155529,29457.0,30133.0,29457.0,30133.0,,,,,
2020/10/12,29794.99987862924,29794.999884169127,3.0074224923737347e-06,2.7979731385130435e-06,27141.93161547006,33.254239003770635,2653.068263159181,29458.0,30134.0,29457.0,30134.0,,,,,
2020/10/13,29794.99988152837,29794.999886867623,2.8991271392442286e-06,2.6984962460119277e-06,27174.774188282718,32.84257281265673,2620.225693245651,29457.0,30134.0,29457.0,30134.0,,,,,
2020/10/14,29794.999884323814,29794.999889470935,2.7954447432421148e-06,2.60331216850318e-06,27207.21018869124,32.43600040852107,2587.789695632575,29457.0,30135.0,29457.0,30134.0,,,,,
2020/10/15,29794.99988701982,29794.99989198325,2.696007868507877e-06,2.512315404601395e-06,27239.244662898727,32.03447420748853,2555.755224121094,29457.0,30134.0,29456.0,30135.0,,,,,
2020/10/16,29794.999889620292,29794.999894408404,2.6004709070548415e-06,2.4251530703622848e-06,27270.88257928125,31.637916382522235,2524.117310339043,29457.0,30133.0,29457.0,30134.0,,,,,
2020/10/17,29794.999892128933,29794.999896750058,2.5086410460062325e-06,2.3416541807819158e-06,27302.12884542317,31.246266141919477,2492.8710467057645,29457.0,30134.0,29457.0,30133.0,,,,,
2020/10/18,29794.99989454952,29794.999899011775,2.4205874069593847e-06,2.2617168724536896e-06,27332.988313287315,30.8594678641457,2462.011581262206,29457.0,30134.0,29458.0,30134.0,,,,,
2020/10/19,29794.999896885434,29794.99990119688,2.335913450224325e-06,2.185104676755145e-06,27363.465769524526,30.4774562372113,2431.5341273609083,29457.0,30134.0,29457.0,30133.0,,,,,
2020/10/20,29794.999899139984,29794.99990330848,2.254550054203719e-06,2.111599314957857e-06,27393.565940524633,30.100171000107366,2401.433958615351,29458.0,30133.0,29457.0,30134.0,,,,,
2020/10/21,29794.999901317376,29794.99990534967,2.1773921616841108e-06,2.041189873125404e-06,27423.29350037995,29.72755985531694,2371.706400937426,29456.0,30135.0,29457.0,30134.0,,,,,
2020/10/22,29794.99990342153,29794.9999073233,2.1041523723397404e-06,1.973632606677711e-06,27452.653061102665,29.359560722714377,2342.346842318864,29457.0,30133.0,29458.0,30133.0,,,,,
2020/10/23,29794.999905456323,29794.99990923208,2.034794306382537e-06,1.908778358483687e-06,27481.649175279188,28.996114176523406,2313.350730177135,29457.0,30134.0,29456.0,30133.0,,,,,
2020/10/24,29794.999907425532,29794.99991107865,1.9692088244482875e-06,1.8465689208824188e-06,27510.286344766613,28.637169487425126,2284.713562658919,29457.0,30135.0,29457.0,30134.0,,,,,
2020/10/25,29794.999909332924,29794.999912865496,1.907392288558185e-06,1.7868478607852012e-06,27538.569013532662,28.282668766049028,2256.430895800262,29457.0,30134.0,29457.0,30134.0,,,,,
2020/10/26,29794.99991118225,29794.99991459497,1.8493265088181943e-06,1.7294732970185578e-06,27566.501567194086,27.9325536614233,2228.4983439881653,29458.0,30134.0,29458.0,30133.0,,,,,
2020/10/27,29794.999912970434,29794.999916269313,1.7881829990074039e-06,1.67434336617589e-06,27594.088339645492,27.586772451406432,2200.911573324942,29458.0,30134.0,29457.0,30134.0,,,,,
2020/10/28,29794.999914697997,29794.999917890716,1.7275633581448346e-06,1.6214034985750914e-06,27621.33361347107,27.245273825577897,2173.6663012269273,29457.0,30133.0,29457.0,30134.0,,,,,
2020/10/29,29794.999916371213,29794.999919461232,1.6732155927456915e-06,1.5705154510214925e-06,27648.241615663825,26.908002192754793,2146.758300707388,29458.0,30133.0,29458.0,30134.0,,,,,
2020/10/30,29794.999917990423,29794.999920982813,1.619209797354415e-06,1.5215809980873019e-06,27674.81652136146,26.574905697634676,2120.1833966289632,29458.0,30134.0,29458.0,30133.0,,,,,
2020/10/31,29794.999919558773,29794.99992245734,1.568350853631273e-06,1.4745273801963776e-06,27701.062452479367,26.245931117908185,2093.937467079406,29457.0,30135.0,29457.0,30134.0,,,,,
2020/11/01,29794.999921078383,29794.9999238866,1.5196092135738581e-06,1.4292600098997355e-06,27726.983482219595,25.921029740227823,2068.0164388587873,29457.0,30133.0,29458.0,30133.0,,,,,
2020/11/02,29794.999922550716,29794.999925272317,1.4723336789757013e-06,1.3857170415576547e-06,27752.583633342336,25.6001511227405,2042.4162892083805,29458.0,30134.0,29457.0,30134.0,,,,,
